city,date,tavg,tmin,tmax,prcp,aqi,co,no,no2,o3,so2,pm2_5,pm10,nh3
Chennai,30-11-2020,25.2,22.8,28.4,0.5,5,520.71,2.38,16.28,130.18,47.68,65.96,72.13,8.36
Chennai,01-12-2020,24.9,21.7,29.1,0,5,1682.28,7.71,54.84,0.73,21.7,120.95,154.53,27.36
Chennai,02-12-2020,25.6,21.4,29.8,0,5,1815.8,16.54,49.35,0.17,23.84,133.47,172.63,28.12
Chennai,03-12-2020,25.7,,28.7,0,5,2296.45,41.57,40.1,0,35.76,150.37,202.15,36.48
Chennai,04-12-2020,25.5,20.7,28.4,0,5,2189.64,23.92,58.95,0.02,28.13,160.79,205.8,40.53
Chennai,05-12-2020,24.7,,26.1,0.5,5,3845.22,57.22,137.09,0,110.63,249.51,322.46,178.34
Chennai,06-12-2020,25.4,23.3,27,18,5,2883.91,27.94,98.71,0.02,84.88,232.03,281.96,96.26
Chennai,07-12-2020,25.6,22,28,0.5,5,1628.88,19.89,40.1,0.02,21.22,106.27,143.12,31.67
Chennai,08-12-2020,24.8,21.7,28.5,0,5,1735.69,9.28,59.63,0.59,25.99,122.37,163.42,43.06
Chennai,09-12-2020,24.7,20.7,29,0,5,2857.21,34.87,69.92,0,46.25,213.63,276.18,58.77
Chennai,10-12-2020,24.5,20,28.8,0,5,1762.39,6.48,67.17,1.54,28.61,145.72,184.11,38
Chennai,11-12-2020,23.8,18,29.4,0,5,540.73,0,16.79,91.55,21.46,84.27,89.55,3.17
Chennai,12-12-2020,23.1,17.1,31.3,0,5,1695.63,11.96,40.44,0.2,19.31,129.55,154,9.63
Chennai,13-12-2020,23.9,17.5,31.8,0,5,3845.22,84.04,54.15,0,53.88,294.44,372,61.81
Chennai,14-12-2020,23.3,17.4,30.5,0,5,1388.55,2.68,61.01,8.76,16.69,103.12,121.52,19.25
Chennai,15-12-2020,23.3,18,29.8,0,5,2323.15,39.79,46.61,0,22.89,154.42,203.12,24.07
Chennai,16-12-2020,23.4,,28.9,0,5,807.76,0,28.79,53.64,18.84,82.19,92.38,14.31
Chennai,17-12-2020,22.6,18.2,30.2,0,5,640.87,0,14.74,72.96,14.19,75.38,85.11,12.16
Chennai,18-12-2020,23,17.2,30.4,0,5,727.65,0,17.82,66.52,14.42,86.72,99.66,14.31
Chennai,19-12-2020,23.1,16.9,33.3,0,5,654.22,0,14.74,76.53,13.47,79.28,89.38,12.41
Chennai,20-12-2020,24.2,17,32.9,0,4,520.71,0,14.05,59.37,10.49,39.45,47.61,12.29
Chennai,21-12-2020,23.1,18.4,30.7,0,5,620.84,0,17.31,42.56,10.73,55.16,65.83,13.81
Chennai,22-12-2020,24.2,20.4,29.6,0,5,961.3,0.41,30.5,13.95,15.14,77.91,96.79,18.75
Chennai,23-12-2020,24.3,19.5,29.5,0,5,1522.06,16.54,35.64,0.12,17.41,117.6,148.87,23.81
Chennai,24-12-2020,24.8,20.1,30.9,0,5,2510.07,46.49,45.93,0,23.84,167.85,223.14,37.49
Chennai,25-12-2020,24.5,19.9,29.7,0,5,1148.22,3.13,38.73,4.78,14.42,108.53,133.88,20.01
Chennai,26-12-2020,24.1,19.9,29.6,0,5,854.49,0.03,24.68,26.46,14.42,94.91,111.12,16.21
Chennai,27-12-2020,24.1,19.1,29.4,0,5,3070.83,43.36,127.49,0,82.02,239.23,296.21,143.89
Chennai,28-12-2020,23.9,20.2,,0,5,574.11,0,21.76,71.53,19.31,68.91,139.67,11.78
Chennai,29-12-2020,23.5,20.1,30.1,0,5,1041.41,3.13,38.39,4.07,16.93,62.63,101.28,21.53
Chennai,30-12-2020,23.7,,29.8,0,4,607.49,0,13.88,97.28,17.88,49.41,58.4,11.53
Chennai,31-12-2020,23.8,18.6,30,0,5,527.38,0,11.31,105.86,17.64,56.5,66.35,10.01
Chennai,01-01-2021,24.6,19.1,29.6,0,5,774.38,0,18.85,57.94,14.42,106.42,121.51,14.95
Chennai,02-01-2021,23.9,19.4,30.1,0,5,767.71,0,20.05,70.81,16.21,115.08,125.53,13.93
Chennai,03-01-2021,24.3,,,31,5,667.57,0,16.79,85.12,15.74,94.08,106.82,12.03
Chennai,04-01-2021,25.3,18.9,,0,5,1081.47,0,22.62,55.08,13.71,192.22,209.49,14.57
Chennai,05-01-2021,24.3,19.8,30,0,5,907.9,0,15.59,89.41,14.9,175.22,188.13,11.27
Chennai,06-01-2021,24.9,20.8,29.9,0,5,921.25,0,21.08,69.38,14.9,137.8,149.89,12.54
Chennai,07-01-2021,25.8,22,30.3,0,5,1094.82,0.64,39.76,18.42,14.78,79.58,97.67,17.23
Chennai,08-01-2021,26.1,21.8,30.7,0,5,1388.55,1.43,45.24,6.53,15.74,106.43,130.2,9.37
Chennai,09-01-2021,26.8,22.4,30.9,0,5,781.06,0,20.22,77.25,16.21,78.96,86.3,11.78
Chennai,10-01-2021,26.6,22.9,31,0,5,934.6,0.29,22.28,13.05,9.42,96.97,113.29,7.54
Chennai,11-01-2021,26.7,22.8,31.3,0,5,1041.41,0.06,30.5,20.92,12.4,104,116.47,13.17
Chennai,12-01-2021,26.3,,,0,5,1575.47,10.17,42.5,0.24,16.93,146.97,176.57,19.76
Chennai,13-01-2021,26.3,22.4,31.4,0,5,847.82,0,20.39,45.78,11.8,81.59,94.46,10.89
Chennai,14-01-2021,27.9,,,0,4,720.98,0,22.62,41.84,13.95,43.46,56.14,15.07
Chennai,15-01-2021,27,24.3,30.4,0,5,787.74,0.02,25.02,33.26,14.07,52.78,67.53,17.48
Chennai,16-01-2021,27.4,24.5,32.4,0,5,4806.52,101.03,50.04,0,43.87,358.79,417.06,37.49
Chennai,17-01-2021,27.7,24.8,,0,5,3284.45,43.36,71.29,0,81.06,270.12,309.3,87.14
Chennai,18-01-2021,28,25.2,32.6,,5,2349.85,31.29,42.16,0,28.85,235.98,266.38,28.63
Chennai,19-01-2021,27.5,23.4,33,5.3,5,2243.04,33.08,49.35,0,30.52,163.96,194.51,28.63
Chennai,20-01-2021,28.2,24.8,36,0,5,1295.09,1.06,46.61,12.7,19.79,137.93,154.6,20.77
Chennai,21-01-2021,28.4,23.8,34.1,0,5,5607.61,98.35,67.17,0,39.58,501.41,559.03,44.58
Chennai,22-01-2021,28.3,24.7,32.6,0,5,2403.26,23.92,52.09,0.03,27.9,244.17,284.97,35.97
Chennai,23-01-2021,28.6,25.4,33.7,0,5,6942.75,157.36,66.49,0,64.85,622.81,676.86,40.03
Chennai,24-01-2021,28.6,25,34.3,0,5,747.68,0,28.79,40.77,16.93,88.43,180.04,14.95
Chennai,25-01-2021,29.1,25.3,36,0,5,1441.96,2.85,38.04,5.1,14.31,208.68,294.44,22.8
Chennai,26-01-2021,29.4,24.7,33.8,0,5,947.95,0,26.05,40.77,16.45,94.93,116.25,18.75
Chennai,27-01-2021,29.4,24.9,34.4,0,4,587.46,0,15.25,80.11,14.19,43.32,52.99,13.05
Chennai,28-01-2021,28.1,24.1,33.5,0,5,560.76,0,14.4,69.38,16.93,63.5,69.82,12.29
Chennai,29-01-2021,27.9,23.8,32.9,0,5,947.95,0.26,32.56,16.99,16.69,73.87,95.71,20.27
Chennai,30-01-2021,29.9,24.7,35.8,0,5,654.22,0,16.97,75.1,15.5,68.13,79.23,12.92
Chennai,31-01-2021,28.7,,33.3,0,5,727.65,0,18.17,56.51,13.47,72.04,82.69,14.31
Chennai,01-02-2021,29,25.9,35.4,0,5,627.52,0,17.65,44.35,11.09,50.74,60.58,14.44
Chennai,02-02-2021,28.3,,32,0,5,988.01,0.01,27.76,34.33,15.74,80.34,98.41,19.76
Chennai,03-02-2021,29.1,25.9,35.1,0,5,4058.84,75.1,83.63,0,71.53,307.74,398.93,73.97
Chennai,04-02-2021,28.6,26,35,0,5,1922.61,15.87,67.17,0.21,44.82,130.47,165.91,32.42
Chennai,05-02-2021,27.6,25.2,32.4,,5,700.95,0,26.05,72.96,23.84,73.43,99.2,14.31
Chennai,06-02-2021,27.2,24.4,29.8,,5,988.01,0,28.45,47.92,19.31,103.86,132.49,19
Chennai,07-02-2021,26.3,23.5,30.7,,5,547.41,0,10.88,101.57,12.52,54.39,64.46,10.51
Chennai,08-02-2021,27.7,24.4,32.1,0,5,660.9,0,17.14,72.24,14.9,54.15,65.48,15.2
Chennai,09-02-2021,28.8,24.5,34.4,0,5,1268.39,0.47,38.39,13.59,23.13,102.51,125.59,22.55
Chennai,10-02-2021,29.3,26,35.1,0,5,2990.72,49.62,42.84,0,39.1,220.16,270.9,39.01
Chennai,11-02-2021,29.3,25.7,34.7,0,5,3685,68.84,62.38,0,77.25,246.55,305.64,58.77
Chennai,12-02-2021,28.3,,,0,5,1468.66,0.55,43.53,12.88,24.56,137.96,164.71,21.03
Chennai,13-02-2021,28.3,23.9,32.4,0,5,2002.72,21.68,45.93,0.02,28.61,183.93,221.95,29.39
Chennai,14-02-2021,27.6,23.8,32.2,0,5,3257.75,48.73,61.01,0,60.08,250.17,298.21,48.13
Chennai,15-02-2021,28.1,22.9,32.4,,5,1735.69,8.83,60.32,1.61,36.72,120.04,150.86,34.45
Chennai,16-02-2021,28.6,,33.2,0,5,1268.39,7.38,43.18,0.78,24.8,83.25,106.08,22.29
Chennai,17-02-2021,28.2,24.7,33.7,0,5,2082.82,34.87,52.09,0,37.19,131.73,167.22,32.93
Chennai,18-02-2021,28.4,24.3,34,0,5,2803.8,39.79,52.78,0,50.55,210.15,263.38,46.61
Chennai,19-02-2021,29.2,24.4,36.2,0,5,1108.17,0.01,32.9,34.33,20.5,88.39,107.45,19
Chennai,20-02-2021,30.3,21.2,36.6,0,5,841.14,0,23.65,50.78,19.07,83.82,99.8,16.09
Chennai,21-02-2021,30.6,,,,5,1401.9,0.62,39.41,10.46,26.46,118.52,142.03,24.57
Chennai,22-02-2021,29.8,,37.4,0,5,1054.76,0.05,29.47,24.32,21.94,101.01,117.72,18.49
Chennai,23-02-2021,28.4,,34.4,7.1,5,3685,61.69,64.43,0,89.65,276.32,331.34,76
Chennai,24-02-2021,29.9,26.2,35.1,0,5,2082.82,19.22,58.26,0.03,45.78,149.35,177.03,30.4
Chennai,25-02-2021,29.4,26.8,34,0,5,1895.9,13.75,62.38,2.55,43.39,116.1,139.68,39.52
Chennai,26-02-2021,28.9,25.5,33.3,0,5,1869.2,24.36,40.1,0.03,35.29,97.24,123.38,23.05
Chennai,27-02-2021,28.7,25.2,33.1,0,5,540.73,0,17.82,65.8,13.95,59.19,92.73,7.66
Chennai,28-02-2021,28.9,24.8,34,0,4,527.38,0,14.74,46.49,11.21,33.71,48,9.63
Chennai,01-03-2021,28.1,24.8,35.3,0,5,1081.47,0.71,41.81,8.32,23.84,75.66,139.51,19.76
Chennai,02-03-2021,29.3,26.6,,0,4,587.46,0,20.05,56.51,16.45,31.76,48.85,12.79
Chennai,03-03-2021,29.8,26.2,35,0,4,640.87,0,25.36,65.09,17.88,28.49,40.61,13.55
Chennai,04-03-2021,30.1,,35.5,0,4,841.14,0,32.22,41.13,23.6,44.32,60.06,16.72
Chennai,05-03-2021,30.6,26,,0,5,1789.09,21.01,56.21,0.02,39.58,115.94,210.72,30.65
Chennai,06-03-2021,29.8,26,33.3,0,5,2029.42,19.89,54.15,0,38.15,120.93,221.08,25.59
Chennai,07-03-2021,29.6,25.6,34.4,0,5,1001.36,2.1,37.36,10.01,19.79,70.56,136.7,16.97
Chennai,08-03-2021,29.8,26.3,,0,5,647.54,0.01,20.74,30.4,12.99,55.85,104.59,12.79
Chennai,09-03-2021,30.8,26.8,37.1,0,5,1268.39,7.1,36.67,3.58,26.7,79.86,124,17.48
Chennai,10-03-2021,31.4,26.6,36.9,0,4,754.36,0.02,32.22,30.4,20.03,45.22,90.79,12.54
Chennai,11-03-2021,29.8,27,34.4,0,5,1789.09,20.34,53.47,0.01,42.44,91.26,135.72,31.41
Chennai,12-03-2021,30.5,26.2,35.7,0,4,500.68,0,15.08,60.08,14.07,43.47,69.07,9.63
Chennai,13-03-2021,29.8,25.9,35.8,0,5,727.65,0,32.22,37.91,21.7,79.27,186.15,13.81
Chennai,14-03-2021,30.6,26.1,34.4,0,5,3204.35,47.83,97.33,0,100.14,199.62,291.91,103.35
Chennai,15-03-2021,30.3,26,35.5,0,4,594.14,0,22.96,55.79,14.78,48.7,72.98,12.16
Chennai,16-03-2021,30.2,26.6,34.6,0,5,921.25,0.05,37.7,25.75,24.56,83.77,142.59,16.97
Chennai,17-03-2021,30.8,26.7,35.4,0,5,654.22,0,24.33,43.27,18.84,70.44,132.68,14.06
Chennai,18-03-2021,32.3,26.5,39.6,0,5,520.71,0,19.19,52.93,15.5,50.2,93.32,11.02
Chennai,19-03-2021,31.4,,40.9,,5,1295.09,6.04,45.24,0.66,31.95,79.22,126.95,20.77
Chennai,20-03-2021,32.8,28.4,40.7,0,5,1682.28,18.33,43.87,0.04,35.29,114.48,217.52,24.07
Chennai,21-03-2021,31.6,,40.4,0,5,2536.77,35.76,52.09,0,59.61,180.69,265.41,47.12
Chennai,22-03-2021,31.4,26.8,39.4,0,5,801.09,0,28.79,39.34,18.12,69.17,109.39,14.31
Chennai,23-03-2021,30.7,26.3,36.7,0,5,1869.2,23.47,38.39,0.01,42.44,124.21,178.2,23.56
Chennai,24-03-2021,29.8,26.5,38.3,0,5,2243.04,36.66,39.76,0,53.41,140.04,204.78,29.13
Chennai,25-03-2021,29.4,26.3,35.5,0,4,417.23,0,16.45,73.67,15.97,26.99,56.35,9.63
Chennai,26-03-2021,29.9,26.5,35.4,0,4,867.84,0.33,35.64,23.25,23.6,46.69,88.18,18.75
Chennai,27-03-2021,30.5,26.6,36,0,5,1602.17,2.49,71.29,3.62,37.67,84.08,129.21,22.04
Chennai,28-03-2021,31,26.9,35.9,0,5,1228.33,0.12,43.18,15.38,32.42,82.43,128.21,21.28
Chennai,29-03-2021,30.5,,34.5,0,4,447.27,0,11.31,86.55,12.64,49.67,94.91,7.85
Chennai,30-03-2021,30.3,27.3,34.6,0,5,453.95,0,13.02,77.96,13.11,51.54,84.63,8.04
Chennai,31-03-2021,29.8,26.6,34.7,0,4,494,0,17.14,38.62,12.28,46.16,94.68,10.13
Chennai,01-04-2021,30.3,25.7,,0,5,988.01,0.23,33.24,15.38,17.41,98.45,231.17,14.82
Chennai,02-04-2021,30.9,27,35.3,0,5,1094.82,0.02,37.01,25.75,27.42,58.37,93.45,18.24
Chennai,03-04-2021,30.6,26.5,34.5,0,5,660.9,0.01,24.33,35.76,14.42,74.87,128.05,12.16
Chennai,04-04-2021,28.7,,33.9,0,5,407.22,0,11.31,50.07,9.18,54.69,92.85,8.23
Chennai,05-04-2021,25.8,,29.3,31.2,5,407.22,0,11.65,55.08,10.01,51.19,88.68,7.16
Chennai,06-04-2021,24.8,,,126.5,5,520.71,0,15.08,58.65,13.95,50.43,84.96,9.5
Chennai,07-04-2021,29.8,23.6,33.1,6.4,5,407.22,0,10.2,67.23,10.97,59.96,124.65,5.57
Chennai,08-04-2021,28.2,,34.8,3,5,961.3,0.03,33.59,23.6,25.27,73.38,145.26,15.96
Chennai,09-04-2021,28.7,,31.3,0,5,1201.63,1.17,41.81,7.42,28.37,69.59,115.67,20.27
Chennai,10-04-2021,27.3,26,29.5,4.8,4,821.11,0,28.79,45.78,23.6,45.29,74.04,15.71
Chennai,11-04-2021,29.8,25.4,34.3,3.8,5,1348.5,3.58,40.44,2.06,32.42,76.82,108.67,22.04
Chennai,12-04-2021,30.1,,36.6,0,4,527.38,0,14.91,54.36,12.76,32.09,53.13,11.15
Chennai,13-04-2021,31.6,27.1,38.6,0,4,540.73,0,15.25,79.39,14.42,36.26,60.32,8.87
Chennai,14-04-2021,31.5,27.2,,0,4,627.52,0,22.62,49.35,18.6,28.21,42.82,13.55
Chennai,15-04-2021,31.7,27.1,39,0,5,1134.87,0.07,35.99,19.67,31.47,65.28,84.02,18.24
Chennai,16-04-2021,30.9,27.6,38,0,4,447.27,0,13.02,70.1,14.07,35.44,58.45,6.78
Chennai,17-04-2021,31.5,,38.4,,4,377.18,0,8.14,61.51,9.3,37.64,80.04,4.31
Chennai,18-04-2021,30.2,27.2,36.7,,5,1148.22,5.03,35.99,1.59,26.7,69.27,121.21,18.24
Chennai,19-04-2021,31,,36.4,,4,514.03,0,15.77,52.21,13.23,41.94,80.05,10.77
Chennai,20-04-2021,30.8,26,37.1,2,4,594.14,0,20.39,40.05,15.97,47.88,94.11,10.51
Chennai,21-04-2021,30.5,,35.9,0,5,1041.41,2.18,35.64,5.19,24.8,63.84,113.11,18.24
Chennai,22-04-2021,28.7,24.9,,0.5,5,2109.53,28.61,40.1,0.01,50.55,119.25,209.22,27.61
Chennai,23-04-2021,30.3,26.4,35.5,0,5,527.38,0,17.48,58.65,14.78,53.41,153.04,8.99
Chennai,24-04-2021,,,,,4,393.87,0,11.65,66.52,11.56,39.55,97.89,6.84
Chennai,25-04-2021,,,,,5,2536.77,41.13,45.24,0,50.55,160.07,343.14,32.93
Chennai,26-04-2021,,,,,5,1628.88,0.98,54.84,16.27,40.05,108.97,182.82,18.75
Chennai,27-04-2021,,,,,5,520.71,0,14.05,67.23,14.54,55.23,104.72,9.25
Chennai,28-04-2021,,,,,5,674.25,0,20.56,39.34,17.88,55.56,95.79,12.54
Chennai,29-04-2021,32.2,28,37.2,0,5,500.68,0,12.51,74.39,13.47,52.71,78.38,7.66
Chennai,30-04-2021,31.6,28.8,38.2,0,5,627.52,0,17.65,60.8,18.6,53.29,77.27,10.51
Chennai,01-05-2021,31.1,27.8,,0,4,494,0,14.57,67.95,14.42,47.97,68.5,8.11
Chennai,02-05-2021,30.8,,37.9,,5,594.14,0,17.65,68.67,26.23,52.19,71.19,9.63
Chennai,03-05-2021,31,25.4,37.3,,5,907.9,0,31.53,48.64,23.13,66.89,98.83,15.07
Chennai,04-05-2021,30.6,27,37.8,0.3,4,337.12,0,7.97,62.94,9.3,26.23,40.75,4.37
Chennai,05-05-2021,32.2,,38,0,4,527.38,0,16.28,45.06,14.42,41.63,68.42,10.26
Chennai,06-05-2021,29.3,,38.2,,4,540.73,0,16.79,37.55,14.42,34.98,68.91,8.99
Chennai,07-05-2021,30.2,,34.3,,4,547.41,0,17.14,49.35,14.78,42.98,76.89,10.01
Chennai,08-05-2021,30.3,,35.9,,4,614.17,0,22.96,43.99,14.42,35.09,69.83,10.01
Chennai,09-05-2021,30.3,25.1,35.8,0.3,4,423.91,0,9.25,60.08,9.18,32.67,79.66,5.83
Chennai,10-05-2021,30.7,28,,0,4,440.6,0,10.71,45.78,9.89,27.55,61.14,7.73
Chennai,11-05-2021,29.8,25.4,34.7,0.8,4,380.52,0,9.77,51.5,10.97,26.09,59.8,5.51
Chennai,12-05-2021,29.3,26.6,34.3,0,4,380.52,0,10.37,50.78,10.37,37.48,79.84,5.32
Chennai,13-05-2021,30.9,26.8,36.9,0,4,370.5,0,10.63,43.99,10.73,33.58,87.44,5.57
Chennai,14-05-2021,30,26.6,,0.3,4,413.9,0.01,16.97,27.18,19.31,33.1,79.83,6.4
Chennai,15-05-2021,31.1,,36.9,0,4,520.71,0,16.28,44.35,14.66,34.11,80.22,9.75
Chennai,16-05-2021,31.9,28,35.5,0,5,620.84,0,22.28,31.47,18.12,42.81,119.9,12.41
Chennai,17-05-2021,32.2,27.6,,0,2,373.84,0,7.45,50.78,12.28,17.26,23.72,7.79
Chennai,18-05-2021,30.6,,36.3,,1,377.18,0,6.94,60.8,8.58,9.44,10.29,1.87
Chennai,19-05-2021,29.8,,35.9,,2,383.85,0,4.11,61.51,3.01,15.12,15.39,0.67
Chennai,20-05-2021,31.1,26.4,38.2,0,4,507.36,0,13.2,53.64,10.13,27.03,44.68,8.87
Chennai,21-05-2021,31.3,,37.3,,5,487.33,0.01,15.77,30.4,13.23,60.17,130.39,3.36
Chennai,22-05-2021,32.4,26.1,38.5,7.1,5,367.17,0,14.05,41.13,16.93,49.5,112.6,2.66
Chennai,23-05-2021,31.5,,38.4,0,5,340.46,0,11.48,44.7,15.5,47.64,111.29,2.63
Chennai,24-05-2021,30.8,27.4,36.9,0,4,387.19,0,11.82,30.4,12.99,28.42,66.47,2.95
Chennai,25-05-2021,31.6,26.4,36.5,0,4,473.98,0,13.02,57.22,10.37,29.58,60.32,4.43
Chennai,26-05-2021,31.6,28.6,37.6,0,4,390.53,0,11.48,51.5,10.01,28.57,70.08,5.51
Chennai,27-05-2021,31.2,27.4,37.8,0,4,353.81,0.01,19.54,29.33,24.8,25.08,64.38,3.39
Chennai,28-05-2021,30.5,27,37.7,0,4,360.49,0.07,18.85,17.88,22.89,21.66,67.56,4.24
Chennai,29-05-2021,31.3,27.9,37.4,0,4,313.76,0.02,16.11,22.89,22.41,21.7,70.18,3.96
Chennai,30-05-2021,31.4,27.2,36.8,0,4,307.08,0.01,13.37,23.96,16.45,18.87,56.27,4.12
Chennai,31-05-2021,29.6,,36,,4,317.1,0,9.43,43.63,9.66,25.7,86.79,5.07
Chennai,01-06-2021,29.8,23.6,37.2,,4,383.85,0,13.54,51.5,13.23,32.91,95.29,6.59
Chennai,02-06-2021,30.9,25.7,37,0,4,283.72,0,11.31,39.7,13.35,21.51,72.49,3.55
Chennai,03-06-2021,30.7,26.6,,0,4,297.07,0,13.54,36.12,17.88,19.43,55.11,4.12
Chennai,04-06-2021,29.8,26.4,35.4,0,4,313.76,0,13.88,33.26,16.21,19,52.39,4.5
Chennai,05-06-2021,29.9,,35.9,0,3,287.06,0.03,14.05,22.53,16.69,14.3,38.8,3.58
Chennai,06-06-2021,29.4,,35.9,0,3,253.68,0.01,13.02,28.61,19.31,18.09,42.06,2.25
Chennai,07-06-2021,30.1,26.7,35,0,2,297.07,0.01,13.37,27.54,16.45,14.97,27.12,4.12
Chennai,08-06-2021,29.6,,37,0.3,2,333.79,0,15.59,32.9,18.12,11.72,18.8,4.75
Chennai,09-06-2021,28.7,,34,0.5,2,263.69,0,8.4,43.27,11.68,11.64,24.33,2.66
Chennai,10-06-2021,29.6,24.8,34.4,8.4,2,280.38,0.01,9.43,29.33,12.28,15.67,25.12,3.07
Chennai,11-06-2021,30.1,26.8,37.2,0,1,257.02,0.02,6.94,23.6,7.45,8.04,10.9,2.53
Chennai,12-06-2021,29.9,25.9,36.6,0.3,2,277.04,0.01,10.11,27.18,9.78,11.49,17.3,3.01
Chennai,13-06-2021,29.2,,35.4,0,3,243.66,0,5.36,31.47,7.15,16.22,37.13,1.9
Chennai,14-06-2021,28.8,24.8,32.6,0.5,3,313.76,0,9.68,32.54,11.33,22.35,48.15,4.05
Chennai,15-06-2021,28.9,,37.2,0,4,353.81,0,12.85,33.62,13.23,25.48,63.02,5.32
Chennai,16-06-2021,29.2,25.2,35.7,8.6,3,283.72,0,10.97,32.9,12.52,20.3,48.28,3.07
Chennai,17-06-2021,27.3,,34.3,1.5,3,300.41,0.02,14.74,23.96,18.36,23.13,43.5,3.26
Chennai,18-06-2021,27.5,23.2,34.5,26.4,2,297.07,0.17,20.22,14.13,29.8,19.31,22.3,1.76
Chennai,19-06-2021,27.8,,35.2,2.8,2,433.92,0.24,21.76,11.98,22.41,18.76,21.27,2.31
Chennai,20-06-2021,27.9,25.1,30,2.3,2,460.63,0.13,15.77,13.23,15.97,17.49,19.15,2.85
Chennai,21-06-2021,28.9,25.6,35.6,0,2,507.36,1.73,15.77,2.55,11.44,18.33,23.07,3.29
Chennai,22-06-2021,28.9,26.2,,0.3,5,1268.39,14.75,27.76,0.03,20.98,73.26,108.07,7.28
Chennai,23-06-2021,30.2,26.1,,0,4,580.79,0.52,22.28,7.78,18.6,34.01,47.93,4.24
Chennai,24-06-2021,30.4,26.6,37.4,0,3,473.98,0.07,18.51,17.88,17.64,22.59,29.13,3.2
Chennai,25-06-2021,30.4,26.1,36.5,0,2,377.18,0.08,16.45,16.81,13.95,11.15,14.85,3.2
Chennai,26-06-2021,29.6,24.7,37.5,0,4,460.63,0.31,19.54,10.28,17.41,25.85,39.99,4.24
Chennai,27-06-2021,29.6,26,36.1,0,2,413.9,0.1,13.37,15.56,11.09,19.88,32.81,4.94
Chennai,28-06-2021,29.9,25.5,36.4,0.5,2,357.15,0,13.71,33.62,13.47,15.66,30.45,4.75
Chennai,29-06-2021,30,24.8,36,0,3,387.19,0.02,14.74,21.82,12.76,17.66,38.49,3.74
Chennai,30-06-2021,29.7,,35.6,0,2,373.84,0,15.77,36.12,16.69,17.94,27.89,3.8
Chennai,01-07-2021,28.3,24.5,36.6,1.3,2,440.6,0.05,15.59,19.67,14.31,16.41,29.06,5.45
Chennai,02-07-2021,29.2,,35.9,0,4,273.71,0.01,7.8,27.18,7.99,16.18,50.37,3.26
Chennai,03-07-2021,28.5,25.1,34.7,0,3,263.69,0.02,9.25,22.71,9.54,19.53,47.44,3.01
Chennai,04-07-2021,29.3,,35,0,4,313.76,0,10.2,30.4,8.82,26.41,83.2,5.13
Chennai,05-07-2021,29.2,25.4,35.5,0.3,3,320.44,0.19,17.48,12.52,21.94,20.54,45.11,3.96
Chennai,06-07-2021,25.3,24.4,,2.8,3,370.5,0.05,16.28,20.03,19.79,22.61,34.55,4.62
Chennai,07-07-2021,28.8,24.6,31.8,3.8,2,367.17,0.02,15.08,24.32,18.36,18,28.36,5
Chennai,08-07-2021,26.4,24.4,27.9,0,2,327.11,0.01,10.28,28.61,10.97,11.85,23.95,4.56
Chennai,09-07-2021,28.2,,34.8,0.3,3,290.39,0.01,7.71,27.18,10.01,15.37,39.62,2.57
Chennai,10-07-2021,29.1,23.8,33.1,36.1,3,343.8,0.07,16.28,18.24,18.84,23.4,42.48,4.5
Chennai,11-07-2021,30.4,26.9,35.7,0,2,283.72,0,7.28,34.69,9.42,18.31,26.57,2.44
Chennai,12-07-2021,28.3,,32.5,0,4,534.06,6.54,27.08,0.22,46.73,26.16,29.6,3.33
Chennai,13-07-2021,27.5,23.9,30.7,1.5,5,1214.98,17.66,29.82,0,22.65,54.41,70.55,6.27
Chennai,14-07-2021,30.2,,,0,2,330.45,0.63,21.42,6.62,30.99,16.12,20.91,2.72
Chennai,15-07-2021,31.4,26.4,36.3,0,3,433.92,4.64,25.36,0.5,36.24,21.56,27.55,3.64
Chennai,16-07-2021,30.7,26.7,36.3,0,5,587.46,0.34,34.62,9.74,39.1,52.73,58.96,2.28
Chennai,17-07-2021,31.4,26.7,37.4,,5,514.03,0.82,47.3,5.01,74.39,50.83,58.85,1.95
Chennai,18-07-2021,32.1,27.5,36.7,0,2,320.44,0.01,11.31,27.9,11.09,15.27,17.37,2.69
Chennai,19-07-2021,32.2,28.2,36.2,0,2,267.03,0,5.06,36.48,6.02,13.99,25.13,1.74
Chennai,20-07-2021,31.2,28.3,,0,2,283.72,0.03,8.05,23.25,8.46,12.72,17.57,2.72
Chennai,21-07-2021,31.7,28.5,36.7,,2,263.69,0.02,7.03,25.75,7.33,13.72,24.35,2.44
Chennai,22-07-2021,30.8,27.8,37.3,0,4,280.38,0.03,8.65,22.89,8.7,26.03,63.72,1.87
Chennai,23-07-2021,29.2,,38.2,0.8,4,317.1,0.02,10.11,25.75,10.61,31.35,81.99,2.79
Chennai,24-07-2021,29.3,24.9,34.9,15.7,4,347.14,0.03,12.68,21.99,11.8,31.37,70.36,3.01
Chennai,25-07-2021,29.2,,35.9,0,3,317.1,0.05,6.94,18.95,6.8,20.47,29.21,1.73
Chennai,26-07-2021,27.9,24.4,31.3,1.3,1,290.39,0.02,9.08,24.68,5.36,7.65,8.11,0.91
Chennai,27-07-2021,29.7,24.6,35.7,0.3,3,307.08,0.07,10.11,18.24,9.54,21.25,24.5,2.41
Chennai,28-07-2021,29.4,26,36.6,1.5,4,280.38,0.08,8.23,17.7,8.11,26.79,52.83,1.96
Chennai,29-07-2021,30.1,24.8,35.5,14.2,4,263.69,0.01,6.86,28.97,6.97,21.95,72.14,2.06
Chennai,30-07-2021,30.6,27.3,37,0,4,263.69,0.02,6.26,26.46,6.44,22.44,68,1.71
Chennai,31-07-2021,30.2,27,36.3,1,4,273.71,0.03,6.6,22.35,6.38,22.76,63.58,2.09
Chennai,01-08-2021,29.9,26,36,0,3,253.68,0.02,5.74,23.6,5.54,19.93,47.27,1.79
Chennai,02-08-2021,28.8,25.3,35.4,9.9,3,253.68,0.01,5.44,30.4,5.54,20.35,35.69,1.77
Chennai,03-08-2021,30.8,26.1,36.6,0,2,283.72,0.02,7.54,27.54,7.87,17.92,33.72,2.15
Chennai,04-08-2021,29.2,25.7,35.5,1.5,3,333.79,0.09,10.63,17.17,10.13,23.38,38.21,3.26
Chennai,05-08-2021,28.9,25,33.1,0,4,340.46,0.04,11.82,21.64,10.97,25.87,52.11,3.14
Chennai,06-08-2021,29.1,25.2,34.9,0,4,480.65,0.18,18.17,13.95,13.95,26.44,45.49,4.81
Chennai,07-08-2021,27.9,23.9,33.5,1,4,720.98,5.59,21.76,0.64,15.97,36.15,58.67,6.4
Chennai,08-08-2021,29.4,23.8,35.5,12.4,4,547.41,0.99,23.65,5.1,17.17,32.86,50.75,3.71
Chennai,09-08-2021,30.2,25.4,,0,3,280.38,0.2,13.71,12.16,18.36,22.75,40.91,2.44
Chennai,10-08-2021,30,26,,0,2,373.84,0.04,14.22,21.82,14.31,17.84,27.61,3.96
Chennai,11-08-2021,29.9,26.1,35.2,0,2,383.85,0.05,17.31,19.85,15.74,14.23,19.08,4.05
Chennai,12-08-2021,30.3,26.9,36.4,,3,440.6,0.02,15.94,23.96,14.9,20.48,31.28,5.19
Chennai,13-08-2021,30.7,27.4,36.7,0,2,393.87,0.01,14.05,27.18,13.23,19.24,25.98,4.81
Chennai,14-08-2021,30.4,26,35.8,,3,473.98,0.03,17.48,23.96,13.35,21.11,29.22,5.19
Chennai,15-08-2021,29.8,,35.3,0,2,410.56,0.02,13.2,24.32,10.73,17.34,25.95,4.37
Chennai,16-08-2021,28.5,,35.8,,2,337.12,0.04,16.79,20.56,18.6,19.94,31.58,4.02
Chennai,17-08-2021,29.1,24.1,36.1,0,3,397.21,0.05,17.82,20.56,18.12,22.38,34.98,4.31
Chennai,18-08-2021,29.1,26.2,34.9,0,2,387.19,0.01,16.45,29.68,16.21,18.18,25.56,5.38
Chennai,19-08-2021,29.1,25.4,35.5,,2,370.5,0.02,14.05,23.96,11.56,12.88,17.71,3.99
Chennai,20-08-2021,28.1,,,1,2,327.11,0.11,14.4,15.38,12.76,13.66,17.93,3.67
Chennai,21-08-2021,28.4,20.3,34.7,25.4,2,333.79,0.11,14.91,14.66,12.04,14.9,23.57,3.01
Chennai,22-08-2021,27.6,,34.9,0,4,841.14,12.96,27.42,0.01,31.47,45.54,51.23,2.95
Chennai,23-08-2021,28.8,24.2,34.2,2.5,1,350.48,0.11,13.71,14.66,12.28,9.52,12.59,2.47
Chennai,24-08-2021,27.6,,32.5,0,2,383.85,0.03,16.45,22.89,17.17,17.1,24.02,3.04
Chennai,25-08-2021,28.8,,33.4,0,2,343.8,0.01,14.05,27.9,11.68,13.94,18.15,4.24
Chennai,26-08-2021,27.2,,34.8,,3,514.03,0.83,19.36,5.99,13.11,20.18,29.01,6.02
Chennai,27-08-2021,26.4,23.6,30.4,23.4,2,433.92,0.23,15.25,12.34,12.88,14.9,23.23,6.21
Chennai,28-08-2021,26.6,23,29.5,27.7,2,300.41,0.19,15.77,12.7,18.6,15.92,29.7,3.26
Chennai,29-08-2021,27.2,25.6,29.2,1,2,263.69,0.05,15.42,18.95,21.94,17.45,23.92,2.28
Chennai,30-08-2021,27.8,25.7,30.4,0.5,3,403.88,0.01,12.34,26.82,11.68,23.55,34.74,6.46
Chennai,31-08-2021,28.3,25.9,32.7,0,3,627.52,0.75,21.59,9.12,14.9,23.01,28.63,4.24
Chennai,01-09-2021,29.3,25.5,33.9,3,5,1708.98,25.93,39.76,0,57.7,97.21,107.75,7.47
Chennai,02-09-2021,28.6,25.8,32.7,0,5,1281.74,23.69,32.56,0,58.65,72.54,81.04,5.38
Chennai,03-09-2021,29.1,26,34.9,0,2,310.42,0.29,21.94,10.82,36.24,13.76,18.72,1.46
Chennai,04-09-2021,30.4,25.8,36.1,0,2,290.39,0.12,20.91,15.38,31.95,10.92,14.79,1.84
Chennai,05-09-2021,30.1,25.6,36.4,0,2,433.92,0.21,15.25,11.36,11.68,15.25,19.09,3.48
Chennai,06-09-2021,29.5,26,35.3,0,2,433.92,0.07,15.25,17.88,12.4,16.92,21.66,3.77
Chennai,07-09-2021,28.8,25.9,33.4,0,4,714.3,3.91,24.33,1.7,16.21,29.79,38.2,4.81
Chennai,08-09-2021,29.1,,33.6,0,4,1001.36,7.6,31.19,0.17,18.12,42.65,56.31,5.89
Chennai,09-09-2021,28.1,25.6,31.9,,5,1148.22,15.65,48.67,0,90.6,76.97,82.1,2.28
Chennai,10-09-2021,27.6,24.9,31.6,,2,467.3,0.82,15.42,5.68,13.47,12.94,15.73,3.48
Chennai,11-09-2021,28.2,24.5,32.8,0,2,407.22,0.25,19.02,11,12.28,14.29,16.21,2.22
Chennai,12-09-2021,28.6,24.9,32.7,0,2,527.38,0.32,15.94,9.21,13.83,16.1,18.59,3.33
Chennai,13-09-2021,27.7,24.9,32.2,3.8,2,487.33,0.28,13.2,9.74,12.88,17.64,18.92,2.72
Chennai,14-09-2021,27.7,23.6,31.7,5.1,5,1842.5,20.56,32.56,0,25.99,104.13,116.89,8.04
Chennai,15-09-2021,29,24.3,32,0,5,1108.17,8.61,35.3,0.07,28.37,68.97,76.19,4.69
Chennai,16-09-2021,27.8,24.8,31.7,4.8,2,330.45,0.01,18.85,27.54,23.13,12.83,17.06,2.06
Chennai,17-09-2021,25.3,24.4,26.3,27.4,2,367.17,0.43,18.68,9.39,19.07,15.6,19.32,2.82
Chennai,18-09-2021,25.8,23.3,27.5,59.7,2,453.95,6.31,20.05,0.18,32.9,17.47,23.89,3.71
Chennai,19-09-2021,27.1,24.1,29.1,7.6,2,403.88,0.06,12.85,17.7,8.94,15,18.3,2.95
Chennai,20-09-2021,26.5,24.5,,7.1,2,547.41,0.27,16.62,10.73,12.04,18.8,22.34,3.52
Chennai,21-09-2021,26.3,24,28.6,20.1,2,514.03,0.54,18.85,7.87,14.54,19.5,23.13,3.04
Chennai,22-09-2021,26.9,24.9,31.4,0,3,620.84,6.2,15.08,0.44,15.14,20.55,24.2,3.9
Chennai,23-09-2021,27,24.5,30.8,23.1,3,587.46,2.12,19.71,3,15.97,20.15,23.11,3.77
Chennai,24-09-2021,27.7,23.8,31.3,19.1,4,727.65,9.72,17.82,0.06,17.88,28.62,35.71,4.75
Chennai,25-09-2021,24.8,23.8,26.4,22.9,4,741.01,7.49,22.96,0.31,19.07,31.75,45.34,4.69
Chennai,26-09-2021,24.7,23,26.9,46,5,1668.93,37.55,15.42,0,17.64,81.22,102.48,6.78
Chennai,27-09-2021,24.1,,26,23.6,5,1188.28,18.55,17.31,0.01,15.97,52,61.49,5.83
Chennai,28-09-2021,23.9,23.3,25.7,104.9,5,4379.27,123.38,22.62,0,37.67,263.05,309.26,23.05
Chennai,29-09-2021,24.2,23.2,25.7,82,4,881.2,0,18.51,41.84,16.21,41.24,43.1,2.6
Chennai,30-09-2021,23.7,,25.7,7.6,2,427.25,0.23,22.62,11.62,25.75,12.26,13.67,0.93
Chennai,01-10-2021,24.8,22.7,27.4,133.1,4,507.36,7.26,25.02,0.02,39.1,30.85,40.05,2.15
Chennai,02-10-2021,26.7,22,31.7,0,5,1428.6,7.49,35.99,0.78,18.6,147.3,176.64,6.27
Chennai,03-10-2021,27.2,23.9,30.7,0,5,1535.42,31.29,18.68,0,16.93,71.7,88.18,7.66
Chennai,04-10-2021,28.1,24.7,32.9,0,5,1482.01,23.02,20.22,0.01,14.19,67.41,79.97,5.45
Chennai,05-10-2021,28.5,23.9,33.2,0,5,3578.19,88.51,22.28,0,41.96,207.31,251.55,29.39
Chennai,06-10-2021,,,,,5,1468.66,21.68,33.24,0,18.84,56.05,74.36,7.16
Chennai,07-10-2021,,,,,5,4432.68,116.23,27.08,0,37.67,260.04,321.44,23.31
Chennai,08-10-2021,27.4,24.1,32.9,0,5,6942.75,171.66,39.07,0,45.3,488.78,543.48,18.49
Chennai,09-10-2021,26.9,,,0,5,881.2,0,22.28,32.54,14.54,75.01,84.63,4.37
Chennai,10-10-2021,25.8,21.4,31.1,0,4,894.55,0.34,20.56,8.94,11.33,47.74,55.74,4.31
Chennai,11-10-2021,24.9,20.3,30.7,0,5,2937.32,60.8,21.94,0,22.89,186.8,212.58,13.05
Chennai,12-10-2021,27.2,20.3,31.9,0,5,1321.79,12.41,31.19,0.1,19.07,83.94,102.76,6.33
Chennai,13-10-2021,24.4,23.6,26.3,10.4,5,7049.56,164.51,57.58,0,146.87,470.63,538.28,125.65
Chennai,14-10-2021,26,23,29.5,17.5,5,3471.37,50.52,84.31,0,52.93,252.68,291,39.01
Chennai,15-10-2021,26.8,,29.9,0,5,3417.97,80.47,50.72,0,78.2,224.08,330.76,103.35
Chennai,16-10-2021,26.9,23.7,30.9,1,5,3337.86,73.31,62.38,0,82.02,196.66,283.63,118.55
Chennai,17-10-2021,26.9,24.2,30.8,0,5,2563.48,48.28,54.15,0,23.84,162.72,227.78,39.52
Chennai,18-10-2021,27.2,22.8,,0,5,2189.64,28.61,33.24,0,23.13,182.08,213.73,14.44
Chennai,19-10-2021,26.6,22.8,30.7,0,5,801.09,0.04,27.76,31.11,17.64,60.11,86.44,12.67
Chennai,20-10-2021,25.8,,29.4,7.1,5,1922.61,24.59,40.1,0,21.22,143.58,239.68,21.53
Chennai,21-10-2021,25,,29.8,0,5,3685,69.74,58.26,0,41.96,232.35,327.36,43.06
Chennai,22-10-2021,27.1,23.8,29.9,0,5,9826.66,214.58,150.8,0,204.09,696.79,773.86,168.2
Chennai,23-10-2021,27,24.7,30.4,0,4,607.49,0,22.28,49.35,15.97,28.86,39.43,10.13
Chennai,24-10-2021,25.7,23.7,27.9,8.6,2,353.81,0,11.31,57.94,10.73,14.61,25.22,5.7
Chennai,25-10-2021,26.5,,,0,5,974.66,4.81,31.19,1.41,17.64,55.22,88.47,14.06
Chennai,26-10-2021,26.9,24.4,29.7,8.4,5,3017.43,51.41,67.17,0,35.76,203.14,254.09,29.89
Chennai,27-10-2021,26.8,23.5,29.5,2,5,1201.63,2.46,39.41,3.09,20.98,68.52,108.16,22.04
Chennai,28-10-2021,25.8,22.8,29.9,0,5,1148.22,3.02,36.33,2.73,20.74,85.08,115.65,21.03
Chennai,29-10-2021,25.7,22.3,30.9,0,5,1121.52,3.13,33.59,2.39,22.17,86.7,124.36,20.52
Chennai,30-10-2021,25.7,21.4,30.1,0,5,2216.34,38,41.13,0,26.46,149.82,225.24,31.92
Chennai,31-10-2021,25.9,21.9,,0,5,1201.63,1.59,39.76,9.03,14.9,87.93,119.68,20.52
Chennai,01-11-2021,27.2,23.9,29.6,3.3,5,2590.18,37.1,58.95,0,30.99,169.15,222.54,46.61
Chennai,02-11-2021,25.9,,27.4,0,5,1081.47,0.01,31.53,33.97,18.84,85.25,114.13,20.27
Chennai,03-11-2021,26.8,,29.5,8.4,5,687.6,0,18.85,60.8,14.19,50.89,65.39,14.95
Chennai,04-11-2021,26.7,23,29.5,0,5,1054.76,0.13,34.96,19.67,20.5,70.13,95.09,20.77
Chennai,05-11-2021,27.1,23.8,29.4,0,5,814.44,0,25.36,42.2,17.4,68.07,89.45,17.23
Chennai,06-11-2021,26.4,22.4,29.5,0,5,847.82,0,26.39,37.19,15.97,71.85,92.14,17.73
Chennai,07-11-2021,25.1,,29.2,1.5,5,594.14,0,11.14,107.29,12.64,88,98.29,10.26
Chennai,08-11-2021,25.1,21.4,29.1,0,5,640.87,0,12.51,85.12,10.85,93.76,104.72,12.16
Chennai,09-11-2021,25.2,21.2,29.5,0,5,727.65,0,16.45,80.11,13.71,93.06,120.74,12.54
Chennai,10-11-2021,25.9,21.7,28.9,0,5,700.95,0,16.79,85.83,15.5,90.66,118.33,13.93
Chennai,11-11-2021,25.4,21.2,29.2,0,5,1068.12,0.01,34.27,34.33,18.84,93.96,126.74,18.75
Chennai,12-11-2021,25.3,,28.3,0,5,767.71,0,20.91,61.51,13.95,93.84,122.79,15.07
Chennai,13-11-2021,24.9,21.4,28.5,0,5,761.03,0,18.68,67.23,13.71,99.08,120.77,14.44
Chennai,14-11-2021,24.4,,29.1,0,5,821.11,0,9.17,125.89,14.07,86.18,97.11,13.05
Chennai,15-11-2021,25,19.8,30.7,0,5,1241.68,0,32.9,62.23,18.6,108.95,125.84,18.49
Chennai,16-11-2021,24.8,20.9,30.6,0,5,821.11,0,12.34,110.15,15.5,78.45,89.06,14.44
Chennai,17-11-2021,25.3,21.4,29.7,0,5,761.03,0,10.54,121.59,15.14,74.61,82.42,12.16
Chennai,18-11-2021,25,22.1,28.9,2.3,5,707.63,0,10.45,107.29,15.5,112,119.7,9.12
Chennai,19-11-2021,25.9,,29.2,0,5,821.11,0,14.57,55.07,15.97,95.42,98.62,3.26
Chennai,20-11-2021,25.7,,29.3,0,5,794.41,0,14.22,67.23,16.45,90.54,97.25,9.63
Chennai,21-11-2021,25.5,22.4,28.4,,5,694.27,0,8.91,84.4,9.89,111.07,117.41,8.11
Chennai,22-11-2021,25.2,22,28.4,0,5,654.22,0,10.54,81.54,11.32,135.91,144.8,8.04
Chennai,23-11-2021,24.5,21.2,28.4,0,5,1255.04,0.02,40.78,25.39,18.6,176.2,197.18,12.79
Chennai,24-11-2021,24.9,21.3,28.3,0,5,1522.06,0.37,54.15,12.7,20.74,126.55,146.96,21.28
Chennai,25-11-2021,,,,,5,1708.98,0.68,58.95,10.73,23.6,119.67,145.14,22.8
Chennai,26-11-2021,24.2,20,28.8,0,5,1335.14,0.06,47.3,23.6,16.69,95.53,120.56,17.48
Chennai,27-11-2021,24.2,19.9,28.3,0,5,1628.88,18.55,38.73,0.02,19.31,134.95,173.78,25.59
Chennai,28-11-2021,24,,26.1,,5,1094.82,0.41,31.19,10.1,12.87,112.51,140.66,24.07
Chennai,29-11-2021,24.8,22.9,27.5,,5,647.54,0,16.79,52.21,12.4,61.97,74.6,13.3
Chennai,30-11-2021,25.7,22.5,30.3,15.5,5,500.68,0,11.82,75.1,11.92,58.76,69.23,10.77
Chennai,01-12-2021,26.3,23.8,31.1,0.3,5,500.68,0,10.97,83.68,12.87,77.81,86.87,8.11
Chennai,02-12-2021,25.3,,29.4,0,5,640.87,0,9.17,77.25,10.01,109.07,110.85,2.66
Chennai,03-12-2021,24.9,22.3,28.1,0,5,514.03,0,12.85,67.95,13.11,58.47,64.22,7.92
Chennai,04-12-2021,25,22,29.2,0.5,5,567.44,0,10.97,72.96,11.56,90.78,97.24,8.36
Chennai,05-12-2021,25.9,22.2,29.7,0,5,1068.12,0.1,27.08,18.24,11.21,170.19,190.98,7.79
Chennai,06-12-2021,25.4,22.5,29.4,0.5,5,1081.47,0.41,34.96,10.91,12.64,136.58,154.15,9.12
Chennai,07-12-2021,23.9,,28.5,0,5,1108.17,0.91,30.85,17.88,12.52,150.84,172.99,13.05
Chennai,08-12-2021,25.2,20.6,29,,5,741,0,15.25,65.09,13.11,73.9,84.08,11.78
Chennai,09-12-2021,25.1,21.6,29.7,0,5,841.14,0.01,23.99,31.47,13.59,75.99,92.8,16.47
Chennai,10-12-2021,25.4,22.4,29.3,0,5,867.84,0.01,25.36,34.69,13.59,83.13,100.91,17.23
Chennai,11-12-2021,24.9,21.2,29.5,0,5,934.6,0.11,30.5,18.78,13.47,86.95,108.24,18.49
Chennai,12-12-2021,23.8,20.6,29,0,5,700.95,0,16.62,48.64,10.25,75.12,87.3,14.19
Chennai,13-12-2021,23.3,,29.5,0,5,707.63,0,18.68,55.07,11.56,79.25,92.89,13.93
Chennai,14-12-2021,24.7,20,29.4,0,5,741,0,26.39,61.51,17.17,55.39,63.75,13.55
Chennai,15-12-2021,25.2,21.9,28.9,0,5,854.49,0,30.16,45.78,16.45,78.14,90.96,16.09
Chennai,16-12-2021,26,22.9,29.3,0,5,754.36,0,25.7,65.09,15.97,86.03,95.15,13.55
Chennai,17-12-2021,25.3,22.2,29.6,0,5,741,0,22.28,78.68,19.07,93.19,102.78,12.41
Chennai,18-12-2021,25.2,,30,0,5,654.22,0,9.08,114.44,13.59,105.51,111.93,8.61
Chennai,19-12-2021,24.7,21.4,30,0,4,500.68,0,8.05,110.15,13.83,49.99,54.54,8.74
Chennai,20-12-2021,24.9,21,29.9,0,4,480.65,0,11.82,68.66,11.09,28.96,35.52,11.91
Chennai,21-12-2021,25,20.7,29.8,0,5,934.6,0.02,27.76,34.33,17.64,75.84,94.29,18.49
Chennai,22-12-2021,25.4,21.3,29.9,0,5,1895.9,13.19,56.21,0.35,19.07,146.89,176.52,24.57
Chennai,23-12-2021,25.2,21.4,29.5,0,5,3124.24,39.79,84.31,0,23.13,208.95,242.71,29.39
Chennai,24-12-2021,24.3,21.3,30,0,5,1789.09,7.04,65.8,0.98,18.6,128.55,159.5,11.91
Chennai,25-12-2021,24.6,20.5,29.7,0,5,1441.96,11.51,55.52,0.47,15.26,100.48,134.15,6.52
Chennai,26-12-2021,24.3,20.4,29.7,0,5,2109.53,16.54,59.63,0.12,16.93,186.58,238.32,15.2
Chennai,27-12-2021,25.1,19.5,32.9,0,5,1602.17,2.18,52.78,5.14,17.4,172.19,210.87,19
Chennai,28-12-2021,26.3,18.6,,0,5,1321.79,0.04,37.7,25.39,18.12,164.7,196.92,17.73
Chennai,29-12-2021,25.4,20.9,30,0,5,807.76,0.01,22.28,35.76,12.52,52.26,63.73,6.33
Chennai,30-12-2021,25.7,20.9,30.1,,4,614.17,0,11.82,80.11,10.73,41.54,47.82,10.13
Chennai,31-12-2021,25.9,23.1,29.7,1.3,4,453.95,0,9.25,80.11,10.85,45.7,50.55,8.04
Chennai,01-01-2022,26.3,22.9,30.5,0,4,520.71,0,10.45,68.66,10.61,42.05,48.01,9.12
Chennai,02-01-2022,27.4,23.4,33.1,0,5,814.44,0.01,18.34,31.47,8.7,92.2,106.72,6.59
Chennai,03-01-2022,26.6,23.4,,0,5,754.36,0,15.77,47.92,9.66,103.5,115.67,9.88
Chennai,04-01-2022,25.9,21.9,30.4,0,5,974.66,0,23.31,38.62,12.76,105.05,123.61,11.27
Chennai,05-01-2022,25.5,21.4,30.4,0,5,1455.31,0.43,40.78,14.84,17.64,131.77,159.91,16.97
Chennai,06-01-2022,24.6,21.3,30.5,0,4,660.9,0,23.99,45.06,18.84,41.78,46.99,4.94
Chennai,07-01-2022,25.2,21,30.3,0,5,3257.75,76,50.04,0,33.38,240.45,287.95,16.21
Chennai,08-01-2022,25.2,20.9,30.5,0,5,2990.72,58.11,29.82,0,25.99,177.74,194.29,11.65
Chennai,09-01-2022,25.1,21,30.6,0,4,841.14,0.01,26.73,33.62,9.89,47.83,54.75,9.37
Chennai,10-01-2022,25.9,19.5,33.6,0,4,707.63,0.01,25.7,36.84,11.32,30.44,36.97,12.79
Chennai,11-01-2022,24.9,20.3,32.4,0,4,727.65,0,18.51,47.92,11.21,38.66,50.43,14.31
Chennai,12-01-2022,26.1,19.7,32.2,0,4,794.41,0,25.7,42.92,14.78,45.47,55.96,14.19
Chennai,13-01-2022,24.7,20,31.9,0,5,1174.93,1.22,38.73,9.92,12.99,79.1,101.48,15.71
Chennai,14-01-2022,27.7,20.5,,0,5,834.47,0,27.08,40.41,12.52,51.48,66.61,16.21
Chennai,15-01-2022,27.6,20.4,35.5,0,5,947.95,0.01,29.82,37.19,13.35,78.99,95.99,16.72
Chennai,16-01-2022,27.8,21.4,35.9,0,5,574.11,0,12.17,67.95,10.37,55.73,63.89,12.29
Chennai,17-01-2022,26.3,22,32.7,0,5,667.57,0,14.74,51.5,9.3,71.22,81.6,13.55
Chennai,18-01-2022,26,21.4,31.7,0,5,1401.9,0.18,45.93,16.99,15.97,126.59,148.74,13.55
Chennai,19-01-2022,26.8,21.9,31,0,5,1922.61,9.16,60.32,0.66,19.55,169.21,192.39,13.93
Chennai,20-01-2022,26.7,23,31.6,0,5,6301.88,110.86,122.01,0,123.98,595.31,648.62,105.38
Chennai,21-01-2022,26.7,22,31.6,0,5,1922.61,34.42,31.87,0,21.7,127.41,168.42,15.83
Chennai,22-01-2022,26.7,21.9,31.5,0,4,460.62,0,13.19,50.07,8.58,37.23,80.49,4.18
Chennai,23-01-2022,26.8,22.9,31.7,0,5,300.41,0,5.74,117.3,7.75,61.99,230.85,3.29
Chennai,24-01-2022,27.6,23.3,32.3,0,5,1708.98,14.75,39.76,0.39,27.42,103.77,125.89,31.41
Chennai,25-01-2022,27.3,24,31.9,0,5,1815.8,10.73,69.23,1.74,20.98,107.1,126.83,21.28
Chennai,26-01-2022,27.7,23.6,32.3,0,5,2429.96,32.63,65.12,0.01,20.03,159.3,198.42,23.56
Chennai,27-01-2022,27.2,22.9,31.6,0,5,1842.5,18.1,47.3,0.19,18.6,133.14,167.68,26.09
Chennai,28-01-2022,26.8,22.1,31.4,0,4,747.68,0,22.62,48.64,13.71,40.63,54.17,15.58
Chennai,29-01-2022,27.8,23,31.8,,5,934.6,0.46,31.53,15.56,14.31,59.94,79.15,18.49
Chennai,30-01-2022,27,23.2,32,0,5,2109.53,25.48,51.41,0.02,16.21,153.63,189.07,28.63
Chennai,31-01-2022,28.2,23.9,33.2,0,5,2136.23,28.16,60.32,0,28.85,144.05,173.91,39.52
Chennai,01-02-2022,28.3,24,33.7,0,5,5126.95,101.92,49.35,0,38.15,365.92,419.71,35.46
Chennai,02-02-2022,29.3,24,33.3,,5,4005.43,82.25,84.31,0,77.25,269.95,364.99,79.04
Chennai,03-02-2022,29.4,24.1,34.2,0,5,814.44,0.11,32.56,30.76,13.47,71.1,100.68,13.3
Chennai,04-02-2022,28.4,,32.9,0,5,1081.47,0.05,41.81,28.25,23.6,65.51,107.78,19.25
Chennai,05-02-2022,27.5,23.9,32,0,5,7370,144.84,154.91,0,198.36,582.15,644.73,149.97
Chennai,06-02-2022,26.4,23.4,32.3,0,5,1121.52,0,31.19,77.96,38.62,138.09,169.12,26.85
Chennai,07-02-2022,26.6,22.7,33.4,0,5,1428.6,0,46.61,87.26,32.9,179.62,201.89,16.72
Chennai,08-02-2022,27.8,21.7,33.6,0,5,1976.01,21.23,57.58,0.04,25.03,124.74,167.02,26.6
Chennai,09-02-2022,27,22.3,32.9,0,5,5554.2,108.18,97.33,0,79.15,389.28,496.12,84.1
Chennai,10-02-2022,27.7,22,32.6,0,4,741,0,28.79,52.93,18.36,49.45,60.41,14.19
Chennai,11-02-2022,27.7,22.4,32.4,0,5,1188.28,0.56,37.7,12.7,18.12,85.96,114.72,22.55
Chennai,12-02-2022,27.7,22.9,34.4,0,5,1201.63,1.54,40.1,8.23,20.74,75.7,102.16,22.29
Chennai,13-02-2022,27.8,23.8,33.2,0,5,881.2,0.04,27.08,25.75,16.45,69.57,85.9,17.99
Chennai,14-02-2022,28.4,23.7,35.5,0,5,934.6,0,30.16,60.8,17.88,71.09,88.42,18.49
Chennai,15-02-2022,28.1,23.6,36.1,0,5,1041.41,0.01,39.07,35.76,23.13,77.84,91.18,19
Chennai,16-02-2022,30.4,24.1,38.7,0,5,1976.01,10.73,69.23,0.94,31.47,152.84,180.64,26.6
Chennai,17-02-2022,28.9,25.4,36,0,5,1895.9,27.49,41.13,0.02,30.28,120.38,161.36,30.15
Chennai,18-02-2022,29.5,,35.9,0,5,761.03,0,22.28,57.94,18.12,61.47,79.1,17.23
Chennai,19-02-2022,28.2,23.9,34.6,0,5,1041.41,0,37.01,36.48,20.5,80.09,99.85,19.25
Chennai,20-02-2022,28.2,,33.6,0,4,547.41,0,21.25,72.24,15.74,36.11,47.9,11.65
Chennai,21-02-2022,28.9,24.4,34.1,0,5,754.36,0,19.71,60.8,21.46,73.97,100.03,14.69
Chennai,22-02-2022,28.8,25.2,33.8,6.1,4,734.33,0.12,29.13,23.96,16.69,38.79,57.71,13.55
Chennai,23-02-2022,29.6,25.4,,0,5,1041.41,1.17,39.41,9.92,22.65,55.28,76.55,18.24
Chennai,24-02-2022,28.2,24.2,33.4,0,5,1949.31,16.99,70.6,0.14,30.99,102.63,148.71,25.08
Chennai,25-02-2022,28.1,23.7,33.2,0,5,3017.43,44.7,86.37,0,58.65,175.05,228.56,49.14
Chennai,26-02-2022,28.9,24.3,34.2,0,5,2910.61,28.16,89.11,0.01,66.76,205.5,255.37,55.22
Chennai,27-02-2022,29.8,25,35.2,0,5,1562.12,15.42,46.61,0.1,27.66,88.69,126.22,26.09
Chennai,28-02-2022,29.5,25.3,34.9,0,5,674.25,0,22.62,77.25,18.84,66.11,88.82,13.68
Chennai,01-03-2022,29.7,25.9,35,0,5,2429.96,31.74,54.15,0,35.29,174.68,231.02,31.92
Chennai,02-03-2022,29.3,26.1,33.4,0,5,2349.85,30.85,56.89,0,39.1,159.58,217.92,43.57
Chennai,03-03-2022,29.4,24.6,34.2,0,4,647.54,0,23.31,66.52,18.12,42.94,61.85,12.79
Chennai,04-03-2022,29.6,24.9,33.9,0,4,587.46,0,19.19,79.39,16.69,33.2,44.88,10.39
Chennai,05-03-2022,30,26.1,34.6,,4,974.66,0.01,37.7,35.76,20.27,42.86,61.07,16.97
Chennai,06-03-2022,30,26.3,34.4,0,5,1335.14,2.15,39.76,4.38,25.51,74.41,98.43,23.56
Chennai,07-03-2022,31.1,26.8,36.7,0,5,1268.39,0,45.24,36.12,29.8,73.04,94.33,20.01
Chennai,08-03-2022,31,27,37.4,0,5,761.03,0,25.7,85.12,21.46,51.91,63.07,13.05
Chennai,09-03-2022,31.4,27,36,0,5,5767.82,108.18,80.2,0,143.05,418.65,497.62,106.39
Chennai,10-03-2022,31.1,26.4,36.2,0,5,814.44,0,19.02,74.39,20.27,79.41,90.96,13.05
Chennai,11-03-2022,29.8,24.9,34.9,0,5,1041.41,0,37.01,41.84,23.84,64.99,95.29,16.21
Chennai,12-03-2022,30.7,26.1,34.4,0,5,921.25,0,28.1,37.55,21.22,65.2,96.73,16.72
Chennai,13-03-2022,30.3,26.3,35,0,5,2216.34,13.86,54.84,0.1,48.64,120.92,162.3,36.48
Chennai,14-03-2022,30.4,26.8,35.5,0,5,2643.59,33.08,86.37,0,70.57,140.35,194.68,79.04
Chennai,15-03-2022,30.4,26.5,37.2,0,5,1762.39,16.54,53.47,0.13,41.01,105.32,149.36,25.59
Chennai,16-03-2022,29.6,25.8,36.4,0,5,647.54,0,23.31,55.79,17.64,50.34,81.35,13.05
Chennai,17-03-2022,29.6,25.1,36.4,0,4,814.44,0.02,33.59,24.32,18.84,49.21,75.19,14.82
Chennai,18-03-2022,30.7,26.3,36.6,0,5,1054.76,0.63,50.04,12.52,22.89,55.69,77.59,15.71
Chennai,19-03-2022,31.8,26.9,38.3,0,4,600.81,0,20.22,61.51,13.95,41.8,61.24,9.5
Chennai,20-03-2022,32.3,27.1,37.5,0,4,794.41,0,23.99,48.64,17.64,44,57.22,11.4
Chennai,21-03-2022,30.8,27.5,35.6,0,5,2056.12,35.32,32.9,0,44.82,114.67,161.58,24.57
Chennai,22-03-2022,32,27.3,36.2,0,3,473.98,0,16.11,59.37,13.35,23.55,39.19,9.75
Chennai,23-03-2022,30.8,27.4,36,0,3,380.52,0,11.82,77.25,11.32,20.55,35.29,7.03
Chennai,24-03-2022,31.2,,37.6,0,5,1789.09,24.59,51.41,0,37.19,92.41,153.24,25.59
Chennai,25-03-2022,30.3,,35.9,0,4,774.38,0.01,29.82,40.05,19.31,46.66,60.82,11.27
Chennai,26-03-2022,30.8,25.6,38.9,0,5,2162.93,25.26,43.18,0.01,39.58,126.1,182.76,24.83
Chennai,27-03-2022,32.8,26.6,39.4,0,5,1895.9,30.4,32.56,0,41.48,103.94,146.13,27.87
Chennai,28-03-2022,33.9,29.1,,0,5,2136.23,34.87,47.98,0,47.21,114.31,162.88,30.15
Chennai,29-03-2022,33.4,28.2,42.2,,4,487.33,0,12.34,69.38,12.16,49.1,78.6,7.92
Chennai,30-03-2022,33.1,29,41.9,0,5,367.16,0,10.02,72.24,11.68,54.33,115.12,5.38
Chennai,31-03-2022,33.6,29.3,,0,5,1081.47,0.99,40.78,16.45,24.08,61.34,99.76,16.97
Chennai,01-04-2022,32.7,,38.2,0,5,660.9,0,23.65,51.5,15.74,61.45,138.09,10.64
Chennai,02-04-2022,31.1,,36.7,0,5,520.71,0,16.11,81.54,15.5,75.67,131.11,7.79
Chennai,03-04-2022,31.4,28.3,38.6,6.1,5,480.65,0,13.88,45.06,11.32,83.77,146.3,9.37
Chennai,04-04-2022,32.6,,38.9,0,5,2616.88,29.5,65.12,0,63.9,151.42,208.66,47.62
Chennai,05-04-2022,33.4,,40.5,0,5,1588.82,10.51,58.26,0.49,38.15,86.16,116.62,23.05
Chennai,06-04-2022,34.2,28.9,39.6,,4,574.11,0,18.34,65.8,14.31,40.79,54.83,11.53
Chennai,07-04-2022,35.1,28.7,39.9,0,4,774.38,0,29.82,39.34,21.46,39.11,57.5,15.71
Chennai,08-04-2022,32.1,28.4,37.7,,5,1842.5,26.38,49.35,0.01,46.73,92.61,123.07,35.97
Chennai,09-04-2022,30.7,,,0,4,423.91,0,11.14,77.96,10.49,32.5,54.75,6.59
Chennai,10-04-2022,30.4,,34.9,0,4,814.44,0.45,30.5,20.38,19.55,42.14,57.14,13.68
Chennai,11-04-2022,31.2,26.9,,0,4,403.88,0,10.37,51.5,12.52,34.16,58.06,6.52
Chennai,12-04-2022,31,26.8,35.6,0,5,594.14,0,18.34,58.65,15.74,58.69,99.52,10.89
Chennai,13-04-2022,,,,,5,627.52,0,23.31,53.64,18.12,55.28,101.97,10.26
Chennai,14-04-2022,32.3,26.5,36.7,0,5,587.46,0,20.39,58.65,15.5,55.43,109.5,8.61
Chennai,15-04-2022,31.6,27.9,36.7,0,4,614.17,0,21.76,52.93,16.93,49.94,84.37,10.39
Chennai,16-04-2022,31.9,27.9,38.8,0,5,540.73,0,17.65,35.05,12.28,50.61,95.17,9.75
Chennai,17-04-2022,31.3,28.2,,0,4,377.18,0,10.71,52.21,8.23,40.71,84.67,7.16
Chennai,18-04-2022,30.8,28.5,37.4,,4,380.52,0,10.37,56.51,9.18,40.32,80.6,6.97
Chennai,19-04-2022,30.6,27.4,36.8,0,4,594.14,0,21.08,49.35,13.59,41.21,70.34,10.01
Chennai,20-04-2022,31.5,27.8,37.7,,5,1201.63,2.74,45.93,9.57,29.33,65.62,100,16.72
Chennai,21-04-2022,32.6,27.9,37.2,0,4,487.33,0,16.45,87.98,15.74,35.74,43.64,7.79
Chennai,22-04-2022,32.6,,39.2,0,5,847.82,0.01,32.56,25.75,24.8,52.53,102.17,16.21
Chennai,23-04-2022,32.2,28.9,39.7,5.1,5,1308.44,10.28,47.98,3.53,31.47,61.87,108.29,19.76
Chennai,24-04-2022,32.8,29.3,38,0,4,647.54,0,23.31,33.97,16.93,30.87,67.25,12.92
Chennai,25-04-2022,30.7,,35.1,0,5,1735.69,14.31,40.78,0.11,44.82,80.25,114.3,24.57
Chennai,26-04-2022,31.8,27.9,37.5,0,4,380.52,0,10.02,72.96,10.85,24.68,65.75,6.71
Chennai,27-04-2022,32.8,,38.3,0,5,1375.2,9.28,39.07,0.46,35.76,67.31,107.38,22.8
Chennai,28-04-2022,32.7,28.7,37.9,,4,447.27,0,12.85,70.1,11.8,27.77,51.4,7.92
Chennai,29-04-2022,32.3,28.8,36.8,,5,1214.98,7.26,38.04,0.61,32.42,54.39,80.97,22.29
Chennai,30-04-2022,31.2,28.5,35.7,0,4,343.8,0,8.05,75.1,9.18,32.05,58.02,4.12
Chennai,01-05-2022,30,28,,0.8,4,390.53,0,10.37,44.7,8.58,32.27,63.25,7.09
Chennai,02-05-2022,29.7,26.1,33.4,6.1,4,350.48,0,9.34,36.48,8.34,32.1,55.83,5.7
Chennai,03-05-2022,25.4,,26.9,9.1,5,554.08,0,17.65,46.49,14.9,44.19,115.41,9.5
Chennai,04-05-2022,27.4,24.2,,131.1,5,534.06,0,15.94,38.27,15.14,40.96,101.24,8.87
Chennai,05-05-2022,30.3,26.9,34.7,1,5,494,0,15.42,32.54,13.95,42.25,126.23,9.5
Chennai,06-05-2022,30.6,26.6,35.9,1.8,5,640.87,0,22.62,49.35,15.5,59.85,188.68,8.87
Chennai,07-05-2022,32.2,27.1,37,0,5,620.84,0,20.56,43.63,16.69,59.92,146.22,11.53
Chennai,08-05-2022,30.5,27.4,35.5,,5,350.48,0,8.91,65.8,8.23,50.07,138.61,5.26
Chennai,09-05-2022,30.8,26.7,36,0,4,367.16,0,8.31,70.81,9.18,35.21,80.83,5.83
Chennai,10-05-2022,30.6,27.9,36.6,,4,350.48,0,8.31,70.81,9.3,31.96,72.41,5.38
Chennai,11-05-2022,30.3,,36.5,0.5,4,287.06,0,6.17,78.68,7.51,30.58,70.64,3.55
Chennai,12-05-2022,30.5,26.4,36.4,1.5,4,290.39,0,6.34,82.25,7.75,34.61,95.21,3.99
Chennai,13-05-2022,29.7,,,0,5,343.8,0,10.88,48.64,9.78,48.44,124.01,5.95
Chennai,14-05-2022,28.6,24.9,35.4,14.7,5,320.43,0,12,36.84,13.95,112.92,289.67,3.99
Chennai,15-05-2022,30.3,25,36.5,1.5,5,393.87,0,11.82,31.47,9.42,47.89,109.63,7.09
Chennai,16-05-2022,30.3,27.4,34.3,0,5,283.72,0,6.6,72.96,9.66,89.43,222.3,3.42
Chennai,17-05-2022,30.8,,35,,5,433.92,0,14.05,49.35,12.64,98.43,261.5,8.23
Chennai,18-05-2022,31.2,27.9,36.4,0,5,320.43,0,12.34,69.38,15.5,149.29,409.29,3.17
Chennai,19-05-2022,30.9,27.1,36.3,0,5,350.48,0,10.37,46.49,10.37,156.55,399.91,5.64
Chennai,20-05-2022,30.3,27,36.5,0,5,400.54,0,12.68,67.95,11.92,92.24,205.94,6.78
Chennai,21-05-2022,30.1,27.4,37.5,0,5,460.62,0,15.25,47.92,12.52,58.44,120.44,8.23
Chennai,22-05-2022,27.9,,36.5,1,5,257.02,0,5.65,55.07,7.33,51.47,132.53,2.37
Chennai,23-05-2022,28.6,23.4,34.2,5.6,5,257.02,0,6.34,59.37,8.34,37.7,107.12,2.31
Chennai,24-05-2022,28.6,24.4,34.2,4.8,5,307.08,0,9.25,43.63,10.85,35.27,137.56,4.02
Chennai,25-05-2022,28.2,,34.3,0,4,347.14,0,14.05,33.97,15.97,24.39,67.53,5.38
Chennai,26-05-2022,29.4,24.9,32.8,0,4,337.12,0,13.19,40.05,14.42,25.99,74.89,5.32
Chennai,27-05-2022,30,,35.2,0,4,333.79,0,11.65,41.48,13.47,18.35,53.73,4.75
Chennai,28-05-2022,29.9,26.7,34.9,0,4,370.5,0,13.71,49.35,16.21,20.05,63.88,5.45
Chennai,29-05-2022,29.7,,34.6,0,5,253.68,0,6.68,49.35,8.82,22.38,100.64,2.47
Chennai,30-05-2022,28.9,23.4,33.7,65.5,5,333.79,0,10.28,52.93,10.97,31.29,133.15,5.13
Chennai,31-05-2022,29.8,,36,0,4,377.18,0,12.51,30.76,13.23,18.99,61.56,6.33
Chennai,01-06-2022,29.2,,35.7,5.6,4,340.46,0,9.94,43.99,9.3,18.79,58.51,5.07
Chennai,02-06-2022,27.6,24.7,30,8.4,4,333.79,0,10.62,45.78,10.01,20.32,57.81,5.64
Chennai,03-06-2022,29.4,,32.5,0.3,3,300.41,0,9,56.51,10.25,14.18,49.36,4.31
Chennai,04-06-2022,28.2,,32.4,129.8,5,270.37,0,7.71,60.08,9.78,24.29,108.8,3.1
Chennai,05-06-2022,27.1,23.9,,3.8,4,337.12,0,9.77,44.7,8.34,21,62.33,6.27
Chennai,06-06-2022,26.9,24.7,31.7,0.5,3,347.14,0,10.71,46.49,9.3,18.91,49.93,7.28
Chennai,07-06-2022,28.6,24.4,32.2,0.8,4,363.83,0.03,14.22,21.46,15.26,16.87,50.32,6.02
Chennai,08-06-2022,28.3,,34.4,0,1,297.07,0,9.51,57.94,14.19,9.87,15.22,3.51
Chennai,09-06-2022,31.2,25.3,35.9,1.8,2,367.16,0,12.51,43.99,13.95,10.45,17.77,5.32
Chennai,10-06-2022,29.1,26.5,34,0.5,2,320.43,0.06,12.85,18.78,14.07,8.5,20.16,4.12
Chennai,11-06-2022,31.9,,36.9,0.5,2,310.42,0.02,13.02,25.39,13.95,10.07,25.96,4.37
Chennai,12-06-2022,31,26.9,36.9,0,1,273.7,0.05,10.62,18.24,14.19,5.82,12.21,2.6
Chennai,13-06-2022,29.8,,33,,1,303.75,0.31,17.65,9.92,26.7,7.48,11.48,2.41
Chennai,14-06-2022,30.3,25.8,35,0,2,330.45,0.75,21.08,6.35,31.47,10.32,17.91,3.77
Chennai,15-06-2022,29.2,27.4,34.1,0,1,280.38,0.17,16.79,13.05,25.03,7.51,15.58,2.88
Chennai,16-06-2022,30.2,27,35.9,0,1,350.48,0.02,17.99,23.25,21.46,8.31,11.45,4.18
Chennai,17-06-2022,31.2,26.7,,0,2,317.1,0.2,17.65,12.34,22.65,11.6,18.49,3.7
Chennai,18-06-2022,31.8,27.9,37.9,,2,290.39,0.31,16.45,9.57,22.89,10.44,20.01,2.94
Chennai,19-06-2022,30.9,28.4,,1,1,263.69,0.13,13.02,13.05,19.07,9.43,17.87,2.31
Chennai,20-06-2022,32.5,27.9,37.5,0,1,280.38,0.09,11.31,15.56,12.87,5.53,7.95,3.23
Chennai,21-06-2022,32.3,27.2,37.4,0,2,327.11,0.11,15.94,15.2,18.12,11.95,16.56,4.02
Chennai,22-06-2022,31.9,28.1,36.1,0,2,273.7,0.02,13.19,24.32,19.07,13.45,22.42,1.99
Chennai,23-06-2022,32.7,27.3,,0,3,427.25,1.1,44.55,4.78,69.62,21.86,26.16,2.88
Chennai,24-06-2022,32.4,28.5,36.4,0,3,380.52,0,15.94,35.41,19.07,24.08,39.24,4.43
Chennai,25-06-2022,31.7,28.4,36.4,,4,423.91,0,21.59,34.69,23.13,33.56,38.95,1.49
Chennai,26-06-2022,29.9,,36,0,4,383.85,0,7.54,113.01,10.85,39.51,42.67,1.8
Chennai,27-06-2022,31.6,26.1,37,0,2,337.12,0,10.97,47.92,14.42,17.77,22.59,1.23
Chennai,28-06-2022,30.9,26.9,,0,2,327.11,0.22,18.85,11.98,27.89,11.28,13.4,1.8
Chennai,29-06-2022,30.7,26.5,37.2,0,1,347.14,0.02,16.45,22.71,19.31,8.13,11.35,4.69
Chennai,30-06-2022,29.2,,36.8,0,1,280.38,0.05,11.82,18.78,15.02,9.35,11.49,3.2
Chennai,01-07-2022,29.1,24.9,32.2,1,1,310.42,0.07,14.91,16.99,18.36,6.6,7.98,2.94
Chennai,02-07-2022,27.9,,36.1,0,1,290.39,0.05,10.71,18.95,11.68,6.21,7.82,2.18
Chennai,03-07-2022,26.7,,35.6,13.5,2,373.84,0.1,15.59,15.38,14.66,11.71,14.75,2.53
Chennai,04-07-2022,26.7,22,31.9,41.1,3,660.9,3.58,25.02,0.84,24.32,24.97,30.36,4.94
Chennai,05-07-2022,26.8,23,29.5,21.6,1,363.83,0.19,17.31,13.23,17.4,9.59,11.27,2.31
Chennai,06-07-2022,25.3,,,0,2,413.89,0.31,16.79,9.83,15.74,12.34,14,2.6
Chennai,07-07-2022,26.3,23,31.6,15,2,387.19,0.47,22.28,8.31,25.99,15.63,20.63,3.58
Chennai,08-07-2022,28.4,24,32.8,0.8,1,283.72,0.09,10.54,16.99,9.42,5.5,6.26,1.44
Chennai,09-07-2022,29.4,25,33.8,0,2,287.06,0.09,11.65,16.99,9.78,11.9,13.35,1.41
Chennai,10-07-2022,30.1,25.7,34.7,0,2,283.72,0.02,7.03,24.68,7.33,12.01,13.26,1.8
Chennai,11-07-2022,28.5,,33.6,,2,303.75,0.05,10.62,19.85,9.89,14.78,15.8,1.71
Chennai,12-07-2022,29.7,24.1,32.7,10.9,1,297.07,0.03,8.31,23.6,8.82,7.46,8.17,1.68
Chennai,13-07-2022,30.1,,32.6,0,2,293.73,0.01,13.02,27.89,11.09,11.4,13.9,1.76
Chennai,14-07-2022,28.8,,,,3,500.68,0.03,18.68,22.71,18.36,21.77,24.2,3.39
Chennai,15-07-2022,30.5,,34.9,0,4,614.17,11.51,36.33,0.05,41.48,43.8,54.07,3.26
Chennai,16-07-2022,30.2,,35.4,,3,280.38,0.08,17.31,17.34,32.42,20.51,24.99,1.41
Chennai,17-07-2022,30.2,25.3,,2,2,267.03,0.06,12.17,17.34,22.41,11.83,14.64,1.12
Chennai,18-07-2022,30.7,26.5,34.5,0,2,433.92,0.31,14.57,9.66,10.01,15.25,19.21,3.7
Chennai,19-07-2022,30.3,26.2,34.5,0,2,287.06,0.04,11.65,20.92,11.32,14.45,15.48,1.11
Chennai,20-07-2022,30.1,26.9,34.9,,2,310.42,0.09,9.68,17.34,9.3,13.35,14.29,1.66
Chennai,22-07-2022,30.4,26.8,34.6,0.3,3,380.52,0.22,13.02,15.38,15.02,21.4,40.02,3.8
Chennai,23-07-2022,31.3,,35.8,0,2,460.62,0.29,17.99,10.64,15.5,16.03,19.19,3.07
Chennai,24-07-2022,32,26.6,35.9,,2,333.79,0.07,10.88,16.99,10.01,11.91,13.06,1.82
Chennai,25-07-2022,29.3,,36,0,2,333.79,0.34,12,9.21,10.61,12.9,14.64,2.18
Chennai,26-07-2022,29.4,25.5,,3.3,3,594.14,3.21,19.02,1.45,15.14,23.93,28.89,3.93
Chennai,27-07-2022,30.7,27,36.7,0,4,694.27,5.76,21.08,0.43,16.45,30.68,39.22,4.62
Chennai,28-07-2022,31.1,27.5,35.9,0,2,467.3,0.21,17.31,12.52,12.87,18.67,23.41,3.48
Chennai,29-07-2022,30.3,27.2,36.8,,4,600.81,0.3,23.31,15.2,19.07,28.54,35.05,4.62
Chennai,30-07-2022,29.8,26.3,36.6,0,4,574.11,0.77,22.28,10.55,15.5,26.66,35.47,5.13
Chennai,31-07-2022,30.1,25.9,36.3,0,3,514.03,0.04,16.45,20.74,11.8,21.48,27.66,3.51
Chennai,01-08-2022,30.4,26.1,35.9,0,2,460.62,0.09,16.28,16.45,12.87,18.79,24.34,3.89
Chennai,02-08-2022,30.2,25.9,36.6,0,4,567.44,0.03,18.68,22.71,16.21,25.09,30.14,5
Chennai,03-08-2022,29.8,25.9,36.5,,2,467.3,0.05,19.36,19.85,17.17,19.12,22.77,3.07
Chennai,04-08-2022,29.8,26.9,35.6,0,5,1655.58,39.34,21.76,0,20.5,86.06,101.42,5.26
Chennai,05-08-2022,30.6,27.8,36.4,0,5,1789.09,37.55,20.22,0,30.52,86.77,97.1,10.77
Chennai,06-08-2022,29.9,25,36.5,,2,587.46,5.03,19.36,0.6,19.07,19.01,22.79,3.7
Chennai,07-08-2022,29.4,23,35.1,48.5,2,487.33,0.11,16.45,14.48,11.92,18.32,23.53,3.7
Chennai,08-08-2022,30.1,27.1,36.1,0.3,5,767.71,13.08,31.87,0.02,47.68,52.85,60.15,5.07
Chennai,09-08-2022,29.9,,35.7,0,5,1388.55,42.47,50.04,0,87.74,115.16,122.53,4.88
Chennai,10-08-2022,28.5,25.9,,0,5,827.79,18.33,40.44,0,79.15,61.9,66.77,2.09
Chennai,11-08-2022,28.9,25.5,,0,4,534.06,6.2,32.22,0.09,34.81,36.23,44.58,2.44
Chennai,12-08-2022,29.9,24.9,,0,2,303.75,0.28,18.68,10.91,29.56,11.47,13.28,1.25
Chennai,13-08-2022,28.6,25.8,34.2,,2,303.75,0.23,12.51,11.27,11.44,10.33,12.47,2.15
Chennai,14-08-2022,28.8,24.9,34.8,0.3,2,260.35,0.01,8.91,26.11,8.46,18.14,29.34,2.37
Chennai,15-08-2022,28.6,,34.4,0,2,397.21,0.17,14.05,13.23,9.78,15.17,19.22,3.17
Chennai,16-08-2022,28,24.3,32.1,0.8,2,440.6,0.73,17.65,6.44,13.47,14.72,18.33,3.48
Chennai,17-08-2022,30.4,25.1,35.4,0,1,300.41,0.25,10.88,11,9.66,7.04,7.95,1.58
Chennai,18-08-2022,29.9,,34.5,0,2,267.03,0.18,12.68,13.05,14.54,15.98,20.56,1.93
Chennai,19-08-2022,28.4,26.4,,0,2,377.18,0.18,15.77,13.41,12.87,14.9,18.43,2.94
Chennai,20-08-2022,28.1,25.8,31.1,0,3,594.14,1.54,21.42,3.4,18.12,24.84,29.68,4.12
Chennai,21-08-2022,28.3,23.9,31.7,1,2,360.49,0.25,11.82,10.55,10.73,15.09,18.71,2.94
Chennai,22-08-2022,28.9,,36,0,2,353.81,0.05,12.68,19.85,13.47,18.9,22.72,2.79
Chennai,23-08-2022,28.5,,34.5,16.5,3,260.35,0.06,7.37,19.49,7.87,16.22,37.14,1.6
Chennai,24-08-2022,28.5,22.1,33.7,36.3,2,333.79,0.13,12.34,15.38,12.16,13.7,26.89,2.34
Chennai,25-08-2022,29.5,24,35.2,14.7,2,467.3,1.66,16.45,3.35,11.92,18.36,26.61,3.83
Chennai,26-08-2022,30,26.2,35.3,0,3,554.08,0.59,20.39,7.6,15.02,24.17,32.58,3.99
Chennai,27-08-2022,29.7,26.9,,0,5,1214.98,19.67,22.96,0.02,15.26,67.71,86.17,4.81
Chennai,28-08-2022,29.9,25.2,35.1,0,5,1174.93,15.2,23.31,0.15,14.54,55.15,70.87,6.27
Chennai,29-08-2022,28.6,,33.8,,4,694.27,2.88,21.93,2.06,11.44,30.16,41.96,4.94
Chennai,30-08-2022,30.2,25.2,35.5,0.8,5,4325.87,104.61,24.33,0,32.42,279.99,326.77,14.95
Chennai,31-08-2022,30.6,26,35.8,0,5,3471.37,74.21,46.61,0,35.29,325.98,366.02,11.02
Chennai,01-09-2022,27.7,,34.9,,5,1255.04,10.73,34.62,0.4,15.74,62.24,78.71,4.18
Chennai,02-09-2022,27.2,24.6,33.6,,5,1815.8,41.57,31.19,0,28.37,116.76,145.06,7.54
Chennai,03-09-2022,28,,32.9,1,5,6034.85,182.39,31.87,0,43.39,376.69,431.38,17.23
Chennai,04-09-2022,29.4,,34.4,0,2,480.65,0.06,16.28,20.74,9.78,18.93,27.2,4.69
Chennai,05-09-2022,28.8,,34.7,,2,473.98,0.01,14.91,28.97,11.56,17.71,28.08,5.26
Chennai,06-09-2022,27.6,24.3,32,0.3,4,687.6,0.42,25.36,11.8,16.69,29.1,41.44,6.84
Chennai,07-09-2022,28.8,26,33.8,0,5,1401.9,23.25,30.16,0.01,24.32,80.91,120.51,8.49
Chennai,08-09-2022,28.7,25.8,,,5,1535.42,19.22,43.18,0.03,19.79,72.68,99.48,14.19
Chennai,09-09-2022,27.5,23,34,4.6,5,1562.12,19.22,30.16,0.01,24.56,87.91,109.23,9.75
Chennai,10-09-2022,29.6,25.4,34.9,0.3,4,814.44,0.01,28.79,39.34,36.72,46.54,49.79,0.82
Chennai,11-09-2022,28.8,,,0,5,1241.68,0,29.47,38.27,19.31,77.18,85.3,6.9
Chennai,12-09-2022,29.3,24.9,34.5,0,5,3417.97,52.75,44.55,0,37.19,213.64,240.43,14.19
Chennai,13-09-2022,30.1,25.7,35.6,0,5,1001.36,2.35,41.13,3.26,30.28,68.24,71.3,2.75
Chennai,14-09-2022,29.2,25,34,0,5,1789.09,35.76,25.02,0,38.15,96.23,108.94,8.49
Chennai,15-09-2022,28.2,25.1,32.9,0,4,587.46,0.55,19.71,7.78,19.31,26.2,28.75,3.04
Chennai,16-09-2022,27.8,24.6,31.7,0.5,3,417.23,0,12.34,33.97,13.35,24.7,26.21,2.22
Chennai,17-09-2022,28,24.4,31.7,48,3,600.81,0.25,20.05,11.62,12.64,21.4,30.78,3.93
Chennai,18-09-2022,27.8,,31.6,0,3,390.53,0.16,12.51,13.77,11.21,20.78,30.92,2.94
Chennai,19-09-2022,27.1,24.1,31.2,1,5,1121.52,16.32,20.56,0.01,15.26,52.92,77.76,6.84
Chennai,20-09-2022,28.2,23.7,31.8,1.5,2,440.6,0.08,14.91,17.52,13.23,15.41,25.49,5.07
Chennai,21-09-2022,28,,32.1,0,2,487.33,0.07,16.79,19.85,12.52,17.4,26.96,5.13
Chennai,22-09-2022,27.6,24.5,31.7,0.3,2,447.27,0.01,15.08,27.54,11.92,14.51,22.2,6.52
Chennai,23-09-2022,27.1,23.8,,0.3,1,287.06,0,8.57,43.99,8.94,6.58,10.37,3.61
Chennai,24-09-2022,28,23.2,32,0,1,317.1,0,10.37,37.91,10.97,9.04,14.2,3.96
Chennai,25-09-2022,26.6,24.5,,,2,453.95,0.01,15.77,26.82,9.66,17.07,27.05,4.81
Chennai,26-09-2022,24.2,23.4,24.9,8.9,2,397.21,0.02,13.19,24.32,11.56,15.73,23.83,3.29
Chennai,27-09-2022,25,23.5,26.9,41.9,4,700.95,1.45,26.05,4.2,15.97,34.38,49.82,4.94
Chennai,28-09-2022,26.9,,30.5,0,4,761.03,4.58,23.99,1.15,16.69,34.32,53.39,9.12
Chennai,29-09-2022,27.4,23.8,,5.1,5,1815.8,36.66,27.76,0,31.95,105.82,129.64,8.74
Chennai,30-09-2022,27.9,25.3,,1.3,5,6088.26,153.78,52.09,0,61.99,419.11,460.87,23.05
Chennai,01-10-2022,27.1,24.7,32.4,1.8,5,2216.34,46.49,33.59,0,25.51,110.27,149.42,22.8
Chennai,02-10-2022,27.7,,31.6,0,1,337.12,0.01,10.37,25.75,8.7,7.75,12.06,6.27
Chennai,03-10-2022,26.2,23.1,31,3.6,4,594.14,0.04,20.73,28.25,11.09,26.73,37.27,5.83
Chennai,04-10-2022,26.9,24.4,32.9,0,5,3044.13,68.84,28.79,0,32.42,158.89,191.8,28.37
Chennai,05-10-2022,26.8,23.9,31.4,0,4,787.73,0.02,33.93,24.32,16.69,34.47,52.5,15.33
Chennai,06-10-2022,26.7,23.4,31,0,5,907.9,0.04,39.07,21.28,18.84,50.34,90.29,16.97
Chennai,07-10-2022,25,23.7,29.1,,5,4753.11,91.2,62.38,0,57.7,328.58,394.99,44.58
Chennai,08-10-2022,25.8,22.8,29.4,,4,1161.58,0,15.59,33.62,16.21,36.34,39.07,2.75
Chennai,09-10-2022,26.4,22.9,30.3,0,5,1308.44,7.15,39.07,1.18,18.12,86.84,104.13,2.98
Chennai,10-10-2022,26.9,22.9,31.1,0.3,3,433.92,0.25,16.96,11.35,14.19,20.2,31.11,3.58
Chennai,11-10-2022,26.4,,30,3.6,5,1361.85,24.14,24.68,0,20.74,73.3,101.22,6.52
Chennai,12-10-2022,26.2,23.2,28.6,7.9,5,3177.64,58.11,36.33,0,27.18,235.61,309.76,13.3
Chennai,13-10-2022,24.7,,28.9,0,5,1922.61,23.25,32.56,0.01,22.41,130.45,178.17,22.8
Chennai,14-10-2022,24.6,22.4,25.9,196.8,5,1895.9,18.78,39.76,0.05,21.93,122.54,160.76,26.09
Chennai,15-10-2022,24.7,,27.6,0,5,1895.9,19.45,38.73,0.05,23.6,135.99,185.42,24.57
Chennai,16-10-2022,24.1,23,25.5,67.8,5,1615.52,10.95,38.73,0.34,22.17,122.06,165.9,25.84
Chennai,17-10-2022,26.8,22.7,29.9,92.5,5,720.98,0,19.02,43.99,13.47,68.53,85.33,14.69
Chennai,18-10-2022,25.9,22.9,,4.6,5,1762.39,22.13,31.53,0.02,25.03,128.23,163.02,26.09
Chennai,19-10-2022,26.5,22.8,29.8,1.3,5,2723.69,49.62,29.82,0,34.33,183.61,236.71,31.92
Chennai,20-10-2022,27.6,24.3,,0.5,5,3845.21,58.11,67.17,0,71.53,264.26,322.36,72.96
Chennai,21-10-2022,26.5,23.4,29.8,0.8,5,1028.06,0.61,31.87,12.52,15.97,81.84,104.16,17.73
Chennai,22-10-2022,26.1,22.9,30,8.6,4,433.92,0,11.31,69.38,10.61,31.23,39.31,10.51
Chennai,23-10-2022,26.2,24,29.1,7.9,5,1388.55,19.45,23.65,0.01,20.98,87.76,122.21,22.8
Chennai,24-10-2022,25.7,22.9,,0.5,5,2029.42,28.61,47.3,0,29.09,126.3,171.29,31.16
Chennai,25-10-2022,24.7,,27.7,0,5,3685,54.09,83.63,0,61.04,235.08,296.07,49.14
Chennai,26-10-2022,24.7,21.9,28.8,0,5,3898.62,69.74,51.41,0,52.93,263.97,339.25,31.66
Chennai,27-10-2022,24.2,20.3,28.1,0,5,3017.43,32.63,86.37,0,76.29,223.28,320.3,68.9
Chennai,28-10-2022,23.1,,28.9,0,5,6729.13,92.98,156.28,0,93.46,593.55,661.1,51.17
Chennai,29-10-2022,23.3,18.6,29.1,0,5,3124.24,51.41,69.92,0,34.33,209.9,290.17,40.53
Chennai,30-10-2022,23.3,19.4,28.4,0,5,3177.64,51.41,70.6,0,72.48,227.67,297.44,93.22
Chennai,31-10-2022,24.4,20,,0,5,1762.39,14.19,52.09,0.14,33.86,137.2,197.64,57.76
Chennai,01-11-2022,25.3,21.8,29.8,0,5,747.68,0,19.54,61.51,15.02,77.03,110.2,15.33
Chennai,02-11-2022,25.1,21.5,28.8,0,5,2136.23,17.88,56.21,0.31,22.65,181.11,232.41,27.61
Chennai,03-11-2022,24.4,20.1,28.7,0,5,1548.77,0.78,55.52,11.62,25.27,124.47,163.43,22.04
Chennai,04-11-2022,24.6,20.7,29.2,0,5,2776,39.25,72.5,0,33.38,183.5,243,22.04
Chennai,05-11-2022,23.9,,28.2,0,5,2776,36.13,78.75,0,30.25,190.5,263,40.02
Chennai,06-11-2022,23.9,19.6,28.8,0,5,2376.56,38.44,53.47,0,32.42,156.87,211.95,40.02
Chennai,07-11-2022,23.8,20,28.6,0,5,5928.04,125.17,86.37,0,103,425.72,487.09,77.01
Chennai,08-11-2022,23.9,19.8,29.1,0,5,3017.43,50.96,54.84,0,50.54,220.04,297.44,48.13
Chennai,09-11-2022,24.8,20.8,28.6,0,5,6195.07,109.08,78.83,0,88.69,516.42,597.76,45.09
Chennai,10-11-2022,26.4,,29.8,0,5,2109.53,17.43,65.8,0.17,35.76,184.43,236.1,35.46
Chennai,11-11-2022,26.4,23.8,28.7,0,5,1348.5,0.34,50.72,16.99,24.08,87.2,116.94,18.49
Chennai,12-11-2022,25.8,22.8,27.6,,5,1335.14,5.09,49.35,2.86,20.03,117.13,147.01,20.27
Chennai,13-11-2022,26.1,24.4,28.9,0,5,1401.9,14.08,38.04,0.19,18.84,95.35,129.7,26.85
Chennai,14-11-2022,25.4,21.5,,,5,1428.6,12.29,36.33,0.24,18.84,96.56,132.66,23.81
Chennai,15-11-2022,25.1,,26.8,1.5,5,2376.56,30.4,54.84,0.01,31.47,143.99,194.39,36.98
Chennai,16-11-2022,24.2,,28.3,0.3,5,2723.69,45.15,47.98,0,31.95,170.6,224.22,35.97
Chennai,17-11-2022,23.8,20.5,28.8,0,5,1081.47,0.04,42.16,23.6,18.84,82.48,121.58,17.99
Chennai,18-11-2022,23.8,19.8,,0,5,1482.01,9.16,49.35,1.01,23.6,89.31,131.98,22.29
Chennai,19-11-2022,24.1,19.9,28.6,0,5,1922.61,28.61,39.41,0.01,29.8,121.74,167.42,26.85
Chennai,20-11-2022,24.8,22.6,26.8,0,5,2189.64,34.42,46.61,0,33.86,138.95,192.75,45.09
Chennai,21-11-2022,24.9,22,29.4,0,5,2056.12,39.34,33.59,0,27.18,134.52,196.26,38
Chennai,22-11-2022,24.1,,29.3,0,5,2323.15,36.21,47.98,0,28.61,153.81,212.43,40.53
Chennai,23-11-2022,24.1,19.4,29.9,0,5,2323.15,25.26,68.55,0.05,43.39,164.27,217.11,56.24
Chennai,24-11-2022,24.7,21.3,29.9,0,5,1468.66,4.19,46.61,2.84,23.13,125.55,165.29,27.36
Chennai,25-11-2022,25.6,21.8,31,0,5,1482.01,9.5,44.55,0.95,21.93,116.25,152.93,23.31
Chennai,26-11-2022,26.7,22.2,31.7,0,5,687.6,0,21.25,56.51,19.79,52.94,68.57,15.83
Chennai,27-11-2022,26.1,22.4,,0,5,1762.39,23.69,45.24,0.02,22.41,116.94,156.44,36.48
Chennai,28-11-2022,25.9,22.7,,0.3,5,1548.77,12.63,47.3,0.26,20.27,110.57,144.99,34.45
Chennai,29-11-2022,25.9,24.1,30,0,5,2643.59,30.85,82.94,0.01,35.29,169.05,209.86,44.08
Chennai,30-11-2022,25.6,23,29.9,,5,1148.22,1.15,36.67,8.85,20.98,95.7,120.55,22.04
Chennai,01-12-2022,25.1,22.9,29.4,5.1,5,821.11,0,24.68,49.35,16.93,90.85,107.66,16.72
Chennai,02-12-2022,25.3,23,29,33.8,5,907.9,0.02,26.73,31.47,17.17,102.14,122.65,17.99
Chennai,03-12-2022,26.1,,,0,5,1014.71,0,33.24,56.51,19.55,103.97,122.65,17.23
Chennai,04-12-2022,24.4,,28.4,0.3,5,1241.68,1.37,48.67,10.82,15.74,97.42,116.51,17.99
Chennai,05-12-2022,22.8,,27.8,0,5,1308.44,3.21,47.3,3.22,19.79,107.93,128.12,20.27
Chennai,06-12-2022,22.1,,28.7,0,5,1068.12,0.02,35.64,27.18,18.84,114.93,135.52,18.75
Chennai,07-12-2022,21.7,17,28.8,0,5,1094.82,0,34.96,38.62,17.4,122.89,138.62,15.33
Chennai,08-12-2022,22.4,17.4,,0,5,867.84,0,25.02,44.35,16.69,100.51,116.81,16.47
Chennai,09-12-2022,23.7,18.1,27.6,0,5,774.38,0,24.33,42.56,17.4,61.83,79,16.21
Chennai,11-12-2022,24.9,21.1,29.2,0,5,574.11,0,8.74,88.69,24.08,96.66,104.55,11.4
Chennai,12-12-2022,24.3,20.5,28.6,0,5,1268.39,0.02,38.73,25.03,17.4,149.84,170.51,20.27
Chennai,13-12-2022,23.7,19.9,28.7,0,5,1068.12,0,33.93,31.11,18.36,131.79,150.74,16.72
Chennai,14-12-2022,22.7,19.5,,0,4,447.27,0,9.42,73.67,13.23,35.46,40.09,8.36
Chennai,15-12-2022,22.1,18.8,28.1,4.6,4,767.71,0.02,21.08,27.18,14.54,42.58,56.86,15.45
Chennai,16-12-2022,23.9,19.9,28.5,0,5,1201.63,0.36,41.81,11.27,18.6,65.2,85.47,17.73
Chennai,17-12-2022,23.5,19.3,28.3,0,5,867.84,0,29.82,46.49,18.12,67.43,82.3,14.82
Chennai,18-12-2022,24.6,,28.9,0,5,1041.41,0.11,38.39,16.27,16.93,56.58,72.47,17.23
Chennai,19-12-2022,23.9,,28.2,0,5,1976.01,26.38,52.78,0,28.13,148.65,190.39,46.1
Chennai,20-12-2022,23.5,,28.5,0,5,3177.64,72.42,48.67,0,40.53,203.46,263.73,45.09
Chennai,21-12-2022,22.9,19.2,28.5,0,5,1441.96,11.29,56.89,0.26,29.56,88.62,111.3,21.79
Chennai,22-12-2022,23.8,18.7,28.2,0,5,1188.28,3.05,60.32,3.71,24.32,73.44,97.68,17.99
Chennai,23-12-2022,23.3,19.1,28.3,0,5,747.68,0,30.16,50.07,19.79,66.35,79.46,14.82
Chennai,24-12-2022,23.7,19.1,28.9,0,5,801.09,0,25.02,71.53,18.6,98.93,121.64,14.95
Chennai,25-12-2022,24,,29.7,0,5,1482.01,5.09,52.09,1.27,18.6,140.47,167.85,22.29
Chennai,26-12-2022,24.1,19.6,29.9,0,5,680.92,0,15.08,68.66,17.88,98.91,107.29,14.69
Chennai,27-12-2022,23.6,18.7,29.3,0,5,1388.55,5.92,49.35,1.17,22.65,125.47,153.91,22.8
Chennai,28-12-2022,23.9,19.8,29,0,5,2056.12,33.53,40.44,0,22.17,163.69,210.54,29.89
Chennai,29-12-2022,23.9,20,28.8,0,5,1161.58,0.01,30.5,37.19,20.27,135.76,157.63,19.76
Chennai,30-12-2022,23.9,19.4,29.5,0,5,1134.87,0.01,41.81,35.05,24.08,112.64,135.59,18.49
Chennai,31-12-2022,23.9,20.1,29,0,5,854.49,0,34.62,37.91,16.93,76.89,111.74,15.45
Chennai,01-01-2023,24.2,21.4,31.6,0,5,1535.42,16.76,47.3,0.02,17.88,107.17,141.36,26.09
Chennai,02-01-2023,25.7,22,31.7,0,5,1842.5,24.14,35.3,0.01,19.07,163.21,203.9,30.65
Chennai,03-01-2023,25.7,21.8,31.8,0,5,2002.72,28.61,34.62,0.01,25.51,186.03,228.58,29.64
Chennai,04-01-2023,25.9,21.7,31,0,4,614.17,0,15.94,72.96,18.84,71.87,83.63,13.05
Chennai,05-01-2023,22.7,21.7,,,5,560.76,0,9.17,128.75,21.93,86.01,93.2,7.79
Chennai,06-01-2023,24.6,,29.6,0,3,433.92,0,9.34,80.82,12.64,40.87,45.89,9.88
Chennai,07-01-2023,24.7,20.7,30,0,4,500.68,0,11.31,73.67,10.97,52.39,59.81,10.77
Chennai,08-01-2023,25.2,20,30.3,0,4,827.79,0.03,22.62,25.75,11.8,73.64,87.33,15.2
Chennai,09-01-2023,26.4,21.9,33,0,5,1468.66,10.39,40.44,0.58,17.17,118.26,143,20.52
Chennai,10-01-2023,26.4,22.1,,0,5,2483.37,42.92,39.07,0,42.92,156.8,195.98,34.45
Chennai,11-01-2023,26.8,,31.4,0,5,1869.2,19,47.3,0.04,26.23,118.6,150.43,24.57
Chennai,12-01-2023,25.9,21.9,31.1,0,4,654.22,0,21.08,47.21,15.14,58.92,101.91,12.03
Chennai,13-01-2023,25.9,21.2,31.1,0,4,961.3,0.01,34.62,36.84,22.89,60.84,113.85,16.21
Chennai,14-01-2023,25.8,21.6,31.2,0,5,814.44,0,30.5,52.21,19.07,76.15,103.52,13.93
Chennai,15-01-2023,26.4,,32,0,3,787.73,0.01,32.22,35.05,17.17,44.83,63.35,16.47
Chennai,16-01-2023,24.8,20.7,31.9,0,5,1522.06,9.83,52.78,0.35,20.74,118.97,150.18,23.31
Chennai,17-01-2023,26.7,,32.9,0,5,1628.88,15.65,39.41,0.11,25.99,121.36,158.47,26.35
Chennai,18-01-2023,27.4,22.8,34.4,0,5,1628.88,21.01,39.07,0.04,25.75,109.65,151.48,26.85
Chennai,19-01-2023,27.8,23.7,,0,4,947.95,0.05,30.85,26.46,20.03,67.91,87.02,19.76
Chennai,20-01-2023,27.4,23.7,31.9,0,5,2082.82,31.74,42.16,0.01,23.6,153.46,199.99,31.66
Chennai,21-01-2023,27.3,22.9,,0,4,600.81,0,20.91,83.68,16.93,61.73,81.46,12.79
Chennai,22-01-2023,27.8,24.1,32.7,0,4,473.98,0,12.34,94.41,12.16,52.28,68.1,9.25
Chennai,23-01-2023,27.8,23.3,33.8,0,4,660.9,0,18.85,67.95,13.47,70.02,87.15,13.3
Chennai,24-01-2023,26.8,22.9,32.4,0,5,747.68,0,17.99,76.53,15.5,102.17,119.53,13.43
Chennai,25-01-2023,26.2,22,31.7,0,5,667.57,0,16.45,94.41,19.31,92.09,111.67,10.39
Chennai,26-01-2023,26,22.2,31.1,0,3,594.14,0,19.36,81.54,19.31,48.51,70.64,11.27
Chennai,27-01-2023,26.2,21.4,30.7,0,4,634.19,0,17.31,70.1,15.74,68.46,83.79,13.93
Chennai,28-01-2023,25.5,21.5,30.5,0,5,594.14,0,9.34,115.87,15.14,75.18,82.68,9.63
Chennai,29-01-2023,25.6,20.4,31.5,0,4,794.41,0,20.39,53.64,18.36,73.89,86.22,5.38
Chennai,30-01-2023,25.2,19.8,32,0,5,4913.33,66.16,102.82,0,127.79,475.1,515,84.1
Chennai,31-01-2023,25.6,20.4,32.2,0,4,787.73,0,28.45,55.07,17.17,65.14,91.71,13.55
Chennai,01-02-2023,27.2,19.7,35,0,3,527.38,0,9.68,90.84,10.73,37.34,45.19,8.04
Chennai,02-02-2023,28.1,21.7,36.7,0,4,554.08,0,13.02,86.55,12.64,51.62,63.55,12.03
Chennai,03-02-2023,27.2,20.9,,0,5,1121.52,0.23,34.62,18.06,19.55,83.75,110.48,21.28
Chennai,04-02-2023,28.5,21.3,36.7,106.9,5,1201.63,0.08,37.01,23.25,24.32,116.36,144.48,20.27
Chennai,05-02-2023,27.6,,35.2,0,5,1762.39,32.63,27.42,0,23.37,131.62,176.68,35.46
Chennai,06-02-2023,27.7,21.4,37,0,5,2616.88,41.13,63.75,0,27.89,201.75,243.79,32.93
Chennai,07-02-2023,24.8,20.9,35.2,0,4,1255.04,1.72,54.84,6.79,19.31,73.31,121.23,16.09
Chennai,08-02-2023,27.2,20.1,36.1,0,5,1735.69,8.94,55.52,0.47,26.46,133.23,197.27,26.09
Chennai,09-02-2023,27.6,18.8,36.3,0,5,2830.51,61.69,47.98,0,52.45,181.86,278.97,76
Chennai,10-02-2023,26.6,19.3,,0,5,5340.58,47.83,106.93,0,91.55,418.6,456.76,38.5
Chennai,11-02-2023,25.4,20.7,,0,3,634.19,0.03,24.68,32.54,14.07,45.96,83.73,10.51
Chennai,12-02-2023,25.6,20.8,31.8,0,4,854.49,0.01,33.24,35.05,14.78,63.18,99.86,16.47
Chennai,13-02-2023,25.7,20.4,33,0,3,453.95,0,13.37,72.24,14.19,30.96,54.76,11.65
Chennai,14-02-2023,25.9,19.8,32.4,0,5,1375.2,2.04,54.15,5.68,26.23,85.7,118.95,24.83
Chennai,15-02-2023,25.8,20.9,34.2,,5,1735.69,19.22,45.93,0.06,27.42,104.39,143.72,28.88
Chennai,16-02-2023,27.6,,33.9,0,5,1735.69,15.42,52.78,0.08,27.89,107.92,154.63,26.6
Chennai,17-02-2023,27.1,,33.5,0,5,1562.12,1.03,61.01,8.31,27.66,110.22,145.8,22.55
Chennai,18-02-2023,27,,33.7,0,5,1682.28,16.99,47.98,0.04,28.37,115.33,163.67,27.61
Chennai,19-02-2023,27.1,,33.8,0,5,2082.82,37.55,40.1,0,49.59,158.49,225.05,63.84
Chennai,20-02-2023,,,,,5,1375.2,0.02,50.04,26.11,27.89,151.65,186.02,22.29
Chennai,21-02-2023,25.9,,31.2,0,4,1174.93,2.04,41.13,6.26,27.66,63.85,80.2,19.25
Chennai,22-02-2023,26.7,,31.7,0,5,1482.01,14.31,40.44,0.47,30.52,94.94,133.22,21.03
Chennai,23-02-2023,28.6,,34.9,0,4,1241.68,4.41,43.18,2.75,23.84,73.46,116.08,19
Chennai,25-02-2023,27,,32.4,0,5,2269.74,26.82,45.24,0.01,68.66,153.54,186.64,56.74
Chennai,26-02-2023,27.8,,32.8,0,3,627.52,0,25.02,63.66,15.5,43.83,68.26,12.29
Chennai,27-02-2023,28.5,,34.5,0,3,700.95,0,28.45,48.64,16.69,44.69,66.74,14.95
Chennai,28-02-2023,28.7,,34.2,0,5,1214.98,0.1,57.58,31.83,28.61,97.09,124.09,20.52
Chennai,01-03-2023,29.9,,38.7,0,5,1121.52,0,45.24,53.64,33.86,101.95,125.42,19
Chennai,02-03-2023,,,,,4,841.14,0,33.59,43.99,20.74,67.51,94.5,15.33
Chennai,03-03-2023,29,,35.9,0,5,1949.31,14.53,67.86,0.13,42.92,127.02,171.18,28.37
Chennai,04-03-2023,28.8,,33.9,0,5,2376.56,21.9,74.03,0.03,51.5,149.09,176.75,24.07
Chennai,05-03-2023,,,,,5,580.79,0,10.97,52.21,13.83,75.51,84.15,14.69
Chennai,06-03-2023,27.8,,33.5,0,5,827.79,0,22.62,41.13,19.07,76.49,95.73,14.57
Chennai,07-03-2023,29.8,23.4,38.2,0,5,1241.68,0.1,37.01,18.6,30.28,97,123.41,19.51
Chennai,08-03-2023,29.4,25.7,38,0,3,614.17,0,14.05,60.08,15.14,47.24,58.84,12.41
Chennai,09-03-2023,29.9,25.3,40.2,0,3,480.65,0,9.08,81.54,12.76,28.6,38.2,8.36
Chennai,10-03-2023,30.7,26.4,38.2,0,3,821.11,0.01,30.16,32.19,19.79,39.63,65.06,16.72
Chennai,11-03-2023,30.7,26.1,38,0,3,767.71,0,24.33,36.48,18.12,39.29,61.25,16.72
Chennai,12-03-2023,29.7,27,37,0,3,761.03,0,21.93,41.84,19.79,47.44,64.36,16.72
Chennai,13-03-2023,29.9,26.7,36.3,0,4,881.2,0,27.76,38.98,19.55,61.05,81.31,17.23
Chennai,14-03-2023,30.5,,36,0,5,1815.8,0.91,59.63,7.51,42.44,115.38,140.56,25.33
Chennai,15-03-2023,29.3,,35.2,0,4,947.95,0,32.22,46.49,25.27,64.9,88.22,16.97
Chennai,16-03-2023,28.9,,34.9,0,5,827.79,0,23.99,60.8,24.8,88.39,122.72,12.03
Chennai,17-03-2023,29.6,23.9,,0,4,921.25,0,26.73,54.36,23.37,74.92,86.51,13.17
Chennai,18-03-2023,29.7,24.4,34,0,5,1602.17,1.41,57.58,5.72,31.95,114.47,144.25,20.77
Chennai,19-03-2023,29.9,26.1,34.1,0,5,1508.71,1.01,43.87,6.88,22.65,111.09,148.22,18.75
Chennai,20-03-2023,29.3,25.9,34,0,5,3017.43,18.78,85,0.12,31.47,264.29,299.42,13.05
Chennai,21-03-2023,29.5,26.1,35,0,5,1949.31,19.45,38.39,0.05,34.33,104.41,134.56,27.61
Chennai,22-03-2023,29.6,26.4,35.9,0,2,487.33,0,14.05,48.64,12.4,23.29,33.76,7.85
Chennai,23-03-2023,30.7,26.3,35.8,0,3,1068.12,3.16,33.93,2.37,22.65,44.51,65.08,17.73
Chennai,24-03-2023,30.1,25.7,36.2,0,1,400.54,0,13.71,37.91,13.11,9.17,14.18,6.59
Chennai,25-03-2023,30.3,26.4,35.8,0,2,340.46,0,10.11,97.27,11.68,13.38,31.66,4.75
Chennai,26-03-2023,30.1,25.9,34.7,0,5,3017.43,36.66,63.75,0,55.31,167.55,211.36,37.49
Chennai,27-03-2023,30,26.4,34.2,,3,847.82,0.02,29.82,26.11,19.79,39.94,67.37,17.23
Chennai,28-03-2023,28.7,,34.4,0,4,1388.55,0.92,52.09,9.75,38.15,71.6,103.06,22.55
Chennai,29-03-2023,27.9,25,32.9,0,5,5554.2,99.24,108.3,0,165.94,331.88,422.04,149.97
Chennai,30-03-2023,29.9,,35.7,0,3,660.9,0,22.28,55.79,22.17,40.32,81.66,12.41
Chennai,31-03-2023,29.4,24.7,35.2,0,5,3845.21,78.68,43.53,0,51.02,242.02,283.2,37.49
Chennai,01-04-2023,30.2,24.9,35.3,0,2,587.46,0,20.05,34.69,13.11,23.35,39.25,10.64
Chennai,02-04-2023,30.1,25.1,34.9,0,3,1028.06,1.68,37.01,11.09,18.84,48.62,76.91,15.58
Chennai,03-04-2023,30.8,26.1,36,0,2,460.62,0,13.02,50.07,11.09,19.21,32.07,9.12
Chennai,04-04-2023,30.6,27,37.7,0,3,327.11,0,8.74,84.4,10.25,27.3,82.5,4.12
Chennai,05-04-2023,31.4,,37.2,0,4,1562.12,14.98,46.61,0.14,29.8,74.5,117.74,24.83
Chennai,06-04-2023,29.7,28,,0,4,1188.28,3.91,41.47,5.72,25.03,61.76,126.65,16.97
Chennai,07-04-2023,30.3,,35.7,0,3,827.79,0,35.64,34.69,25.27,32.33,53.95,16.47
Chennai,08-04-2023,31.3,26.4,36.2,0,4,1134.87,1.93,47.3,4.96,32.9,72.88,136.85,18.75
Chennai,09-04-2023,30.8,26.8,36.1,0,4,867.84,0,28.45,50.78,21.22,68.48,99.88,13.81
Chennai,10-04-2023,30.9,27.2,,0,5,1642.23,8.38,51.41,0.3,37.19,94.28,147.42,23.31
Chennai,11-04-2023,32.3,,38.5,0,5,1976.01,15.42,48.67,0.06,47.68,115.87,162.66,24.83
Chennai,12-04-2023,31.7,27.9,,0,2,487.33,0,16.45,49.35,15.02,24.65,45.3,8.74
Chennai,13-04-2023,29.8,27.4,37.4,0,5,1642.23,14.98,44.55,0.06,44.35,78.54,114.22,26.35
Chennai,14-04-2023,30.4,26.3,,0,4,974.66,0.35,35.99,17.34,24.8,61.99,94.62,16.09
Chennai,15-04-2023,29.2,26.8,34.3,,4,1201.63,10.84,39.41,0.56,28.61,59.63,87.93,17.99
Chennai,16-04-2023,29.6,25.9,34.6,,2,347.14,0,10.11,65.8,13.47,21.67,33.91,5.57
Chennai,17-04-2023,30.3,,,0,3,620.84,0.02,21.42,30.4,15.74,35.13,59.46,13.05
Chennai,18-04-2023,31.7,26.2,39.1,0,4,1281.74,0.58,42.16,8.49,37.67,58.23,86.8,18.49
Chennai,19-04-2023,33.2,28.9,39.2,0,5,2750.4,54.09,36.33,0,68.66,132.41,186.54,51.17
Chennai,20-04-2023,33.2,,39.9,0,2,343.8,0,9.17,54.36,10.13,12.72,29.04,5.07
Chennai,21-04-2023,32.6,,38.9,,3,423.91,0,13.02,70.81,13.23,22.65,58.38,6.46
Chennai,22-04-2023,31.6,28,40.6,0,3,400.54,0,12,75.82,11.8,27.44,66.62,6.59
Chennai,23-04-2023,31.8,,40.9,0,3,460.62,0,14.22,52.93,11.09,23.9,52.77,9.75
Chennai,24-04-2023,33.1,28.2,42.2,0,5,1602.17,7.71,50.72,0.51,40.53,78.39,114.58,25.33
Chennai,25-04-2023,32.8,28.4,42.7,,2,574.11,0,19.88,92.98,19.07,24.81,35.36,12.03
Chennai,26-04-2023,28.2,23.2,33.7,0,5,4005.43,44.7,82.25,0,103,238.97,286.67,61.81
Chennai,27-04-2023,31.6,26.7,41,18.5,3,814.44,0.1,29.13,22.53,19.31,48.43,71.98,14.31
Chennai,28-04-2023,30.7,27.9,38.3,0,2,467.3,0,15.08,52.93,15.02,22.77,36.34,8.23
Chennai,29-04-2023,32.2,28.2,39.4,0,1,427.25,0,15.42,37.55,18.36,8.86,13.72,6.97
Chennai,30-04-2023,31.9,,39.4,0,3,854.49,0.07,25.36,17.17,18.12,31.16,39.25,13.93
Chennai,01-05-2023,31.2,27.9,37.6,0,4,1174.93,5.25,29.82,0.88,18.36,50.26,63.83,15.45
Chennai,02-05-2023,31.4,28.1,36.7,0,2,453.95,0,15.08,45.06,15.5,13.02,18.66,7.47
Chennai,03-05-2023,32.1,27.8,,0,4,1468.66,6.15,71.29,0.33,60.56,72.93,89.48,18.49
Chennai,04-05-2023,32.5,27.8,38.4,0,5,1976.01,2.63,69.23,2.5,47.68,126.96,163.14,25.59
Chennai,05-05-2023,31.6,28.1,38.3,0,2,494,0,12.34,56.51,14.66,24.98,39.02,7.16
Chennai,06-05-2023,31.9,28.8,37.6,0,3,734.33,0,21.76,32.54,16.93,47.46,67.3,11.53
Chennai,07-05-2023,31.6,,37.1,0,3,547.41,0,18.16,55.79,21.46,33.87,47.98,8.49
Chennai,08-05-2023,30.9,27.4,35.7,0,3,453.95,0,10.97,52.93,10.25,29.69,46.59,7.92
Chennai,09-05-2023,30.9,27.8,35.2,0,3,734.33,0.01,23.65,26.46,17.88,36.15,57.43,13.81
Chennai,10-05-2023,31.1,26.8,36.1,0,3,961.3,0.03,41.13,19.67,27.18,43.55,89.74,18.24
Chennai,11-05-2023,31.3,26.3,,0,5,2243.04,34.87,53.47,0,53.88,102.27,162.56,29.89
Chennai,12-05-2023,30.2,,35.7,,4,1255.04,4.64,47.3,1.68,31.47,52.66,89.24,19.76
Chennai,13-05-2023,30.4,,36.9,,2,567.44,0,18.85,46.49,12.4,22.29,35.64,8.61
Chennai,14-05-2023,30.6,26.4,36.8,0,2,297.07,0,7.2,50.07,7.75,11.82,30.75,4.69
Chennai,15-05-2023,30.6,28,35.9,0,3,327.11,0,6.08,45.78,7.27,15.86,64.5,2.85
Chennai,16-05-2023,31.2,28.1,36.7,0,2,303.75,0,8.23,37.19,10.85,11.01,36.75,3.32
Chennai,17-05-2023,33.1,28.8,38.6,0,2,327.11,0,6.94,50.07,8.82,13.26,48.3,2.82
Chennai,18-05-2023,33.7,29.8,40.1,,2,327.11,0,8.23,42.56,9.42,10.89,29.67,3.89
Chennai,19-05-2023,32.7,29.1,36.7,0,3,340.46,0,9.94,36.12,11.21,16.13,63.05,4.88
Chennai,20-05-2023,33.4,29,38.8,0,3,440.6,0,14.74,38.27,10.97,21.32,57.88,8.74
Chennai,21-05-2023,32.6,29.7,37,0,3,350.48,0,10.28,42.92,9.78,18.87,53.68,6.71
Chennai,22-05-2023,32.3,,36.2,,3,313.76,0,7.97,45.06,8.58,16.86,65.63,4.88
Chennai,23-05-2023,30.3,,34.4,0,3,390.53,0,12.34,38.27,13.35,18.04,68.64,6.46
Chennai,24-05-2023,33.1,27.1,37.6,1.3,3,307.08,0,8.74,45.06,9.89,18.49,73.56,3.86
Chennai,25-05-2023,31.4,29,,0,3,283.72,0,6.51,42.92,7.63,12.62,63.86,2.66
